question,answer,explanation,evidence_KG,hop,kg_source_id,source,score,score_reason
"This is a fictional mechanism-logic case, not medical advice. SynAgent-DISEASE_INDICATION-TR-00000 inhibits SynNode-DISEASE_INDICATION-TR-00000-01. SynNode-DISEASE_INDICATION-TR-00000-01 stabilizes SynNode-DISEASE_INDICATION-TR-00000-02. SynNode-DISEASE_INDICATION-TR-00000-02 releases SynNode-DISEASE_INDICATION-TR-00000-03. SynNode-DISEASE_INDICATION-TR-00000-03 enables SynNode-DISEASE_INDICATION-TR-00000-04. SynNode-DISEASE_INDICATION-TR-00000-04 releases SynNode-DISEASE_INDICATION-TR-00000-05. SynNode-DISEASE_INDICATION-TR-00000-05 enables SynNode-DISEASE_INDICATION-TR-00000-06. SynNode-DISEASE_INDICATION-TR-00000-06 releases SynNode-DISEASE_INDICATION-TR-00000-07. SynNode-DISEASE_INDICATION-TR-00000-07 increases SynNode-DISEASE_INDICATION-TR-00000-08. SynNode-DISEASE_INDICATION-TR-00000-08 transmits signal to SynNode-DISEASE_INDICATION-TR-00000-09. SynNode-DISEASE_INDICATION-TR-00000-09 activates SynDiseaseState-DISEASE_INDICATION-TR-00000. A second agent, SynDecoy-DISEASE_INDICATION-TR-00000, does not inhibit SynNode-DISEASE_INDICATION-TR-00000-01. Which synthetic agent should be selected to block the initiating mechanism?",SynAgent-DISEASE_INDICATION-TR-00000,"1. The synthetic graph states (SynAgent-DISEASE_INDICATION-TR-00000, inhibits, SynNode-DISEASE_INDICATION-TR-00000-01). 2. The synthetic graph states (SynNode-DISEASE_INDICATION-TR-00000-01, stabilizes, SynNode-DISEASE_INDICATION-TR-00000-02). 3. The synthetic graph states (SynNode-DISEASE_INDICATION-TR-00000-02, releases, SynNode-DISEASE_INDICATION-TR-00000-03). 4. The synthetic graph states (SynNode-DISEASE_INDICATION-TR-00000-03, enables, SynNode-DISEASE_INDICATION-TR-00000-04). 5. The synthetic graph states (SynNode-DISEASE_INDICATION-TR-00000-04, releases, SynNode-DISEASE_INDICATION-TR-00000-05). 6. The synthetic graph states (SynNode-DISEASE_INDICATION-TR-00000-05, enables, SynNode-DISEASE_INDICATION-TR-00000-06). 7. The synthetic graph states (SynNode-DISEASE_INDICATION-TR-00000-06, releases, SynNode-DISEASE_INDICATION-TR-00000-07). 8. The synthetic graph states (SynNode-DISEASE_INDICATION-TR-00000-07, increases, SynNode-DISEASE_INDICATION-TR-00000-08). 9. The synthetic graph states (SynNode-DISEASE_INDICATION-TR-00000-08, transmits_signal_to, SynNode-DISEASE_INDICATION-TR-00000-09). 10. The synthetic graph states (SynNode-DISEASE_INDICATION-TR-00000-09, activates, SynDiseaseState-DISEASE_INDICATION-TR-00000). Therefore, within this fictional graph, the answer is SynAgent-DISEASE_INDICATION-TR-00000.","[""(SynAgent-DISEASE_INDICATION-TR-00000, inhibits, SynNode-DISEASE_INDICATION-TR-00000-01)"", ""(SynNode-DISEASE_INDICATION-TR-00000-01, stabilizes, SynNode-DISEASE_INDICATION-TR-00000-02)"", ""(SynNode-DISEASE_INDICATION-TR-00000-02, releases, SynNode-DISEASE_INDICATION-TR-00000-03)"", ""(SynNode-DISEASE_INDICATION-TR-00000-03, enables, SynNode-DISEASE_INDICATION-TR-00000-04)"", ""(SynNode-DISEASE_INDICATION-TR-00000-04, releases, SynNode-DISEASE_INDICATION-TR-00000-05)"", ""(SynNode-DISEASE_INDICATION-TR-00000-05, enables, SynNode-DISEASE_INDICATION-TR-00000-06)"", ""(SynNode-DISEASE_INDICATION-TR-00000-06, releases, SynNode-DISEASE_INDICATION-TR-00000-07)"", ""(SynNode-DISEASE_INDICATION-TR-00000-07, increases, SynNode-DISEASE_INDICATION-TR-00000-08)"", ""(SynNode-DISEASE_INDICATION-TR-00000-08, transmits_signal_to, SynNode-DISEASE_INDICATION-TR-00000-09)"", ""(SynNode-DISEASE_INDICATION-TR-00000-09, activates, SynDiseaseState-DISEASE_INDICATION-TR-00000)""]",10,10000000,"(10000000, indication, 10000001)",8,Synthetic schema fixture. The score preserves compatibility with the original quality filter and is not a biological-quality assessment.
"This is a fictional mechanism-logic case, not medical advice. SynAgent-DISEASE_INDICATION-TR-00001 inhibits SynNode-DISEASE_INDICATION-TR-00001-01. SynNode-DISEASE_INDICATION-TR-00001-01 transmits signal to SynNode-DISEASE_INDICATION-TR-00001-02. SynNode-DISEASE_INDICATION-TR-00001-02 activates SynNode-DISEASE_INDICATION-TR-00001-03. SynNode-DISEASE_INDICATION-TR-00001-03 enables SynNode-DISEASE_INDICATION-TR-00001-04. SynNode-DISEASE_INDICATION-TR-00001-04 enables SynNode-DISEASE_INDICATION-TR-00001-05. SynNode-DISEASE_INDICATION-TR-00001-05 transmits signal to SynDiseaseState-DISEASE_INDICATION-TR-00001. A second agent, SynDecoy-DISEASE_INDICATION-TR-00001, does not inhibit SynNode-DISEASE_INDICATION-TR-00001-01. Which synthetic agent should be selected to block the initiating mechanism?",SynAgent-DISEASE_INDICATION-TR-00001,"1. The synthetic graph states (SynAgent-DISEASE_INDICATION-TR-00001, inhibits, SynNode-DISEASE_INDICATION-TR-00001-01). 2. The synthetic graph states (SynNode-DISEASE_INDICATION-TR-00001-01, transmits_signal_to, SynNode-DISEASE_INDICATION-TR-00001-02). 3. The synthetic graph states (SynNode-DISEASE_INDICATION-TR-00001-02, activates, SynNode-DISEASE_INDICATION-TR-00001-03). 4. The synthetic graph states (SynNode-DISEASE_INDICATION-TR-00001-03, enables, SynNode-DISEASE_INDICATION-TR-00001-04). 5. The synthetic graph states (SynNode-DISEASE_INDICATION-TR-00001-04, enables, SynNode-DISEASE_INDICATION-TR-00001-05). 6. The synthetic graph states (SynNode-DISEASE_INDICATION-TR-00001-05, transmits_signal_to, SynDiseaseState-DISEASE_INDICATION-TR-00001). Therefore, within this fictional graph, the answer is SynAgent-DISEASE_INDICATION-TR-00001.","[""(SynAgent-DISEASE_INDICATION-TR-00001, inhibits, SynNode-DISEASE_INDICATION-TR-00001-01)"", ""(SynNode-DISEASE_INDICATION-TR-00001-01, transmits_signal_to, SynNode-DISEASE_INDICATION-TR-00001-02)"", ""(SynNode-DISEASE_INDICATION-TR-00001-02, activates, SynNode-DISEASE_INDICATION-TR-00001-03)"", ""(SynNode-DISEASE_INDICATION-TR-00001-03, enables, SynNode-DISEASE_INDICATION-TR-00001-04)"", ""(SynNode-DISEASE_INDICATION-TR-00001-04, enables, SynNode-DISEASE_INDICATION-TR-00001-05)"", ""(SynNode-DISEASE_INDICATION-TR-00001-05, transmits_signal_to, SynDiseaseState-DISEASE_INDICATION-TR-00001)""]",6,10000002,"(10000002, indication, 10000003)",8,Synthetic schema fixture. The score preserves compatibility with the original quality filter and is not a biological-quality assessment.
"This is a fictional mechanism-logic case, not medical advice. SynAgent-DISEASE_INDICATION-TR-00002 inhibits SynNode-DISEASE_INDICATION-TR-00002-01. SynNode-DISEASE_INDICATION-TR-00002-01 releases SynNode-DISEASE_INDICATION-TR-00002-02. SynNode-DISEASE_INDICATION-TR-00002-02 enables SynNode-DISEASE_INDICATION-TR-00002-03. SynNode-DISEASE_INDICATION-TR-00002-03 increases SynNode-DISEASE_INDICATION-TR-00002-04. SynNode-DISEASE_INDICATION-TR-00002-04 activates SynNode-DISEASE_INDICATION-TR-00002-05. SynNode-DISEASE_INDICATION-TR-00002-05 enables SynNode-DISEASE_INDICATION-TR-00002-06. SynNode-DISEASE_INDICATION-TR-00002-06 releases SynNode-DISEASE_INDICATION-TR-00002-07. SynNode-DISEASE_INDICATION-TR-00002-07 releases SynNode-DISEASE_INDICATION-TR-00002-08. SynNode-DISEASE_INDICATION-TR-00002-08 stabilizes SynNode-DISEASE_INDICATION-TR-00002-09. SynNode-DISEASE_INDICATION-TR-00002-09 increases SynNode-DISEASE_INDICATION-TR-00002-10. SynNode-DISEASE_INDICATION-TR-00002-10 releases SynDiseaseState-DISEASE_INDICATION-TR-00002. A second agent, SynDecoy-DISEASE_INDICATION-TR-00002, does not inhibit SynNode-DISEASE_INDICATION-TR-00002-01. Which synthetic agent should be selected to block the initiating mechanism?",SynAgent-DISEASE_INDICATION-TR-00002,"1. The synthetic graph states (SynAgent-DISEASE_INDICATION-TR-00002, inhibits, SynNode-DISEASE_INDICATION-TR-00002-01). 2. The synthetic graph states (SynNode-DISEASE_INDICATION-TR-00002-01, releases, SynNode-DISEASE_INDICATION-TR-00002-02). 3. The synthetic graph states (SynNode-DISEASE_INDICATION-TR-00002-02, enables, SynNode-DISEASE_INDICATION-TR-00002-03). 4. The synthetic graph states (SynNode-DISEASE_INDICATION-TR-00002-03, increases, SynNode-DISEASE_INDICATION-TR-00002-04). 5. The synthetic graph states (SynNode-DISEASE_INDICATION-TR-00002-04, activates, SynNode-DISEASE_INDICATION-TR-00002-05). 6. The synthetic graph states (SynNode-DISEASE_INDICATION-TR-00002-05, enables, SynNode-DISEASE_INDICATION-TR-00002-06). 7. The synthetic graph states (SynNode-DISEASE_INDICATION-TR-00002-06, releases, SynNode-DISEASE_INDICATION-TR-00002-07). 8. The synthetic graph states (SynNode-DISEASE_INDICATION-TR-00002-07, releases, SynNode-DISEASE_INDICATION-TR-00002-08). 9. The synthetic graph states (SynNode-DISEASE_INDICATION-TR-00002-08, stabilizes, SynNode-DISEASE_INDICATION-TR-00002-09). 10. The synthetic graph states (SynNode-DISEASE_INDICATION-TR-00002-09, increases, SynNode-DISEASE_INDICATION-TR-00002-10). 11. The synthetic graph states (SynNode-DISEASE_INDICATION-TR-00002-10, releases, SynDiseaseState-DISEASE_INDICATION-TR-00002). Therefore, within this fictional graph, the answer is SynAgent-DISEASE_INDICATION-TR-00002.","[""(SynAgent-DISEASE_INDICATION-TR-00002, inhibits, SynNode-DISEASE_INDICATION-TR-00002-01)"", ""(SynNode-DISEASE_INDICATION-TR-00002-01, releases, SynNode-DISEASE_INDICATION-TR-00002-02)"", ""(SynNode-DISEASE_INDICATION-TR-00002-02, enables, SynNode-DISEASE_INDICATION-TR-00002-03)"", ""(SynNode-DISEASE_INDICATION-TR-00002-03, increases, SynNode-DISEASE_INDICATION-TR-00002-04)"", ""(SynNode-DISEASE_INDICATION-TR-00002-04, activates, SynNode-DISEASE_INDICATION-TR-00002-05)"", ""(SynNode-DISEASE_INDICATION-TR-00002-05, enables, SynNode-DISEASE_INDICATION-TR-00002-06)"", ""(SynNode-DISEASE_INDICATION-TR-00002-06, releases, SynNode-DISEASE_INDICATION-TR-00002-07)"", ""(SynNode-DISEASE_INDICATION-TR-00002-07, releases, SynNode-DISEASE_INDICATION-TR-00002-08)"", ""(SynNode-DISEASE_INDICATION-TR-00002-08, stabilizes, SynNode-DISEASE_INDICATION-TR-00002-09)"", ""(SynNode-DISEASE_INDICATION-TR-00002-09, increases, SynNode-DISEASE_INDICATION-TR-00002-10)"", ""(SynNode-DISEASE_INDICATION-TR-00002-10, releases, SynDiseaseState-DISEASE_INDICATION-TR-00002)""]",11,10000004,"(10000004, indication, 10000005)",8,Synthetic schema fixture. The score preserves compatibility with the original quality filter and is not a biological-quality assessment.
"This is a fictional mechanism-logic case, not medical advice. SynAgent-DISEASE_INDICATION-TR-00003 inhibits SynNode-DISEASE_INDICATION-TR-00003-01. SynNode-DISEASE_INDICATION-TR-00003-01 activates SynNode-DISEASE_INDICATION-TR-00003-02. SynNode-DISEASE_INDICATION-TR-00003-02 increases SynNode-DISEASE_INDICATION-TR-00003-03. SynNode-DISEASE_INDICATION-TR-00003-03 enables SynNode-DISEASE_INDICATION-TR-00003-04. SynNode-DISEASE_INDICATION-TR-00003-04 activates SynNode-DISEASE_INDICATION-TR-00003-05. SynNode-DISEASE_INDICATION-TR-00003-05 activates SynNode-DISEASE_INDICATION-TR-00003-06. SynNode-DISEASE_INDICATION-TR-00003-06 activates SynNode-DISEASE_INDICATION-TR-00003-07. SynNode-DISEASE_INDICATION-TR-00003-07 enables SynNode-DISEASE_INDICATION-TR-00003-08. SynNode-DISEASE_INDICATION-TR-00003-08 stabilizes SynNode-DISEASE_INDICATION-TR-00003-09. SynNode-DISEASE_INDICATION-TR-00003-09 enables SynNode-DISEASE_INDICATION-TR-00003-10. SynNode-DISEASE_INDICATION-TR-00003-10 stabilizes SynDiseaseState-DISEASE_INDICATION-TR-00003. A second agent, SynDecoy-DISEASE_INDICATION-TR-00003, does not inhibit SynNode-DISEASE_INDICATION-TR-00003-01. Which synthetic agent should be selected to block the initiating mechanism?",SynAgent-DISEASE_INDICATION-TR-00003,"1. The synthetic graph states (SynAgent-DISEASE_INDICATION-TR-00003, inhibits, SynNode-DISEASE_INDICATION-TR-00003-01). 2. The synthetic graph states (SynNode-DISEASE_INDICATION-TR-00003-01, activates, SynNode-DISEASE_INDICATION-TR-00003-02). 3. The synthetic graph states (SynNode-DISEASE_INDICATION-TR-00003-02, increases, SynNode-DISEASE_INDICATION-TR-00003-03). 4. The synthetic graph states (SynNode-DISEASE_INDICATION-TR-00003-03, enables, SynNode-DISEASE_INDICATION-TR-00003-04). 5. The synthetic graph states (SynNode-DISEASE_INDICATION-TR-00003-04, activates, SynNode-DISEASE_INDICATION-TR-00003-05). 6. The synthetic graph states (SynNode-DISEASE_INDICATION-TR-00003-05, activates, SynNode-DISEASE_INDICATION-TR-00003-06). 7. The synthetic graph states (SynNode-DISEASE_INDICATION-TR-00003-06, activates, SynNode-DISEASE_INDICATION-TR-00003-07). 8. The synthetic graph states (SynNode-DISEASE_INDICATION-TR-00003-07, enables, SynNode-DISEASE_INDICATION-TR-00003-08). 9. The synthetic graph states (SynNode-DISEASE_INDICATION-TR-00003-08, stabilizes, SynNode-DISEASE_INDICATION-TR-00003-09). 10. The synthetic graph states (SynNode-DISEASE_INDICATION-TR-00003-09, enables, SynNode-DISEASE_INDICATION-TR-00003-10). 11. The synthetic graph states (SynNode-DISEASE_INDICATION-TR-00003-10, stabilizes, SynDiseaseState-DISEASE_INDICATION-TR-00003). Therefore, within this fictional graph, the answer is SynAgent-DISEASE_INDICATION-TR-00003.","[""(SynAgent-DISEASE_INDICATION-TR-00003, inhibits, SynNode-DISEASE_INDICATION-TR-00003-01)"", ""(SynNode-DISEASE_INDICATION-TR-00003-01, activates, SynNode-DISEASE_INDICATION-TR-00003-02)"", ""(SynNode-DISEASE_INDICATION-TR-00003-02, increases, SynNode-DISEASE_INDICATION-TR-00003-03)"", ""(SynNode-DISEASE_INDICATION-TR-00003-03, enables, SynNode-DISEASE_INDICATION-TR-00003-04)"", ""(SynNode-DISEASE_INDICATION-TR-00003-04, activates, SynNode-DISEASE_INDICATION-TR-00003-05)"", ""(SynNode-DISEASE_INDICATION-TR-00003-05, activates, SynNode-DISEASE_INDICATION-TR-00003-06)"", ""(SynNode-DISEASE_INDICATION-TR-00003-06, activates, SynNode-DISEASE_INDICATION-TR-00003-07)"", ""(SynNode-DISEASE_INDICATION-TR-00003-07, enables, SynNode-DISEASE_INDICATION-TR-00003-08)"", ""(SynNode-DISEASE_INDICATION-TR-00003-08, stabilizes, SynNode-DISEASE_INDICATION-TR-00003-09)"", ""(SynNode-DISEASE_INDICATION-TR-00003-09, enables, SynNode-DISEASE_INDICATION-TR-00003-10)"", ""(SynNode-DISEASE_INDICATION-TR-00003-10, stabilizes, SynDiseaseState-DISEASE_INDICATION-TR-00003)""]",11,10000006,"(10000006, indication, 10000007)",8,Synthetic schema fixture. The score preserves compatibility with the original quality filter and is not a biological-quality assessment.
"This is a fictional mechanism-logic case, not medical advice. SynAgent-DISEASE_INDICATION-TR-00004 inhibits SynNode-DISEASE_INDICATION-TR-00004-01. SynNode-DISEASE_INDICATION-TR-00004-01 releases SynNode-DISEASE_INDICATION-TR-00004-02. SynNode-DISEASE_INDICATION-TR-00004-02 releases SynNode-DISEASE_INDICATION-TR-00004-03. SynNode-DISEASE_INDICATION-TR-00004-03 activates SynNode-DISEASE_INDICATION-TR-00004-04. SynNode-DISEASE_INDICATION-TR-00004-04 transmits signal to SynNode-DISEASE_INDICATION-TR-00004-05. SynNode-DISEASE_INDICATION-TR-00004-05 enables SynNode-DISEASE_INDICATION-TR-00004-06. SynNode-DISEASE_INDICATION-TR-00004-06 enables SynNode-DISEASE_INDICATION-TR-00004-07. SynNode-DISEASE_INDICATION-TR-00004-07 releases SynDiseaseState-DISEASE_INDICATION-TR-00004. A second agent, SynDecoy-DISEASE_INDICATION-TR-00004, does not inhibit SynNode-DISEASE_INDICATION-TR-00004-01. Which synthetic agent should be selected to block the initiating mechanism?",SynAgent-DISEASE_INDICATION-TR-00004,"1. The synthetic graph states (SynAgent-DISEASE_INDICATION-TR-00004, inhibits, SynNode-DISEASE_INDICATION-TR-00004-01). 2. The synthetic graph states (SynNode-DISEASE_INDICATION-TR-00004-01, releases, SynNode-DISEASE_INDICATION-TR-00004-02). 3. The synthetic graph states (SynNode-DISEASE_INDICATION-TR-00004-02, releases, SynNode-DISEASE_INDICATION-TR-00004-03). 4. The synthetic graph states (SynNode-DISEASE_INDICATION-TR-00004-03, activates, SynNode-DISEASE_INDICATION-TR-00004-04). 5. The synthetic graph states (SynNode-DISEASE_INDICATION-TR-00004-04, transmits_signal_to, SynNode-DISEASE_INDICATION-TR-00004-05). 6. The synthetic graph states (SynNode-DISEASE_INDICATION-TR-00004-05, enables, SynNode-DISEASE_INDICATION-TR-00004-06). 7. The synthetic graph states (SynNode-DISEASE_INDICATION-TR-00004-06, enables, SynNode-DISEASE_INDICATION-TR-00004-07). 8. The synthetic graph states (SynNode-DISEASE_INDICATION-TR-00004-07, releases, SynDiseaseState-DISEASE_INDICATION-TR-00004). Therefore, within this fictional graph, the answer is SynAgent-DISEASE_INDICATION-TR-00004.","[""(SynAgent-DISEASE_INDICATION-TR-00004, inhibits, SynNode-DISEASE_INDICATION-TR-00004-01)"", ""(SynNode-DISEASE_INDICATION-TR-00004-01, releases, SynNode-DISEASE_INDICATION-TR-00004-02)"", ""(SynNode-DISEASE_INDICATION-TR-00004-02, releases, SynNode-DISEASE_INDICATION-TR-00004-03)"", ""(SynNode-DISEASE_INDICATION-TR-00004-03, activates, SynNode-DISEASE_INDICATION-TR-00004-04)"", ""(SynNode-DISEASE_INDICATION-TR-00004-04, transmits_signal_to, SynNode-DISEASE_INDICATION-TR-00004-05)"", ""(SynNode-DISEASE_INDICATION-TR-00004-05, enables, SynNode-DISEASE_INDICATION-TR-00004-06)"", ""(SynNode-DISEASE_INDICATION-TR-00004-06, enables, SynNode-DISEASE_INDICATION-TR-00004-07)"", ""(SynNode-DISEASE_INDICATION-TR-00004-07, releases, SynDiseaseState-DISEASE_INDICATION-TR-00004)""]",8,10000008,"(10000008, indication, 10000009)",8,Synthetic schema fixture. The score preserves compatibility with the original quality filter and is not a biological-quality assessment.
"This is a fictional mechanism-logic case, not medical advice. SynAgent-DISEASE_INDICATION-TR-00005 inhibits SynNode-DISEASE_INDICATION-TR-00005-01. SynNode-DISEASE_INDICATION-TR-00005-01 transmits signal to SynNode-DISEASE_INDICATION-TR-00005-02. SynNode-DISEASE_INDICATION-TR-00005-02 enables SynNode-DISEASE_INDICATION-TR-00005-03. SynNode-DISEASE_INDICATION-TR-00005-03 stabilizes SynNode-DISEASE_INDICATION-TR-00005-04. SynNode-DISEASE_INDICATION-TR-00005-04 increases SynNode-DISEASE_INDICATION-TR-00005-05. SynNode-DISEASE_INDICATION-TR-00005-05 enables SynNode-DISEASE_INDICATION-TR-00005-06. SynNode-DISEASE_INDICATION-TR-00005-06 enables SynNode-DISEASE_INDICATION-TR-00005-07. SynNode-DISEASE_INDICATION-TR-00005-07 transmits signal to SynNode-DISEASE_INDICATION-TR-00005-08. SynNode-DISEASE_INDICATION-TR-00005-08 releases SynNode-DISEASE_INDICATION-TR-00005-09. SynNode-DISEASE_INDICATION-TR-00005-09 activates SynDiseaseState-DISEASE_INDICATION-TR-00005. A second agent, SynDecoy-DISEASE_INDICATION-TR-00005, does not inhibit SynNode-DISEASE_INDICATION-TR-00005-01. Which synthetic agent should be selected to block the initiating mechanism?",SynAgent-DISEASE_INDICATION-TR-00005,"1. The synthetic graph states (SynAgent-DISEASE_INDICATION-TR-00005, inhibits, SynNode-DISEASE_INDICATION-TR-00005-01). 2. The synthetic graph states (SynNode-DISEASE_INDICATION-TR-00005-01, transmits_signal_to, SynNode-DISEASE_INDICATION-TR-00005-02). 3. The synthetic graph states (SynNode-DISEASE_INDICATION-TR-00005-02, enables, SynNode-DISEASE_INDICATION-TR-00005-03). 4. The synthetic graph states (SynNode-DISEASE_INDICATION-TR-00005-03, stabilizes, SynNode-DISEASE_INDICATION-TR-00005-04). 5. The synthetic graph states (SynNode-DISEASE_INDICATION-TR-00005-04, increases, SynNode-DISEASE_INDICATION-TR-00005-05). 6. The synthetic graph states (SynNode-DISEASE_INDICATION-TR-00005-05, enables, SynNode-DISEASE_INDICATION-TR-00005-06). 7. The synthetic graph states (SynNode-DISEASE_INDICATION-TR-00005-06, enables, SynNode-DISEASE_INDICATION-TR-00005-07). 8. The synthetic graph states (SynNode-DISEASE_INDICATION-TR-00005-07, transmits_signal_to, SynNode-DISEASE_INDICATION-TR-00005-08). 9. The synthetic graph states (SynNode-DISEASE_INDICATION-TR-00005-08, releases, SynNode-DISEASE_INDICATION-TR-00005-09). 10. The synthetic graph states (SynNode-DISEASE_INDICATION-TR-00005-09, activates, SynDiseaseState-DISEASE_INDICATION-TR-00005). Therefore, within this fictional graph, the answer is SynAgent-DISEASE_INDICATION-TR-00005.","[""(SynAgent-DISEASE_INDICATION-TR-00005, inhibits, SynNode-DISEASE_INDICATION-TR-00005-01)"", ""(SynNode-DISEASE_INDICATION-TR-00005-01, transmits_signal_to, SynNode-DISEASE_INDICATION-TR-00005-02)"", ""(SynNode-DISEASE_INDICATION-TR-00005-02, enables, SynNode-DISEASE_INDICATION-TR-00005-03)"", ""(SynNode-DISEASE_INDICATION-TR-00005-03, stabilizes, SynNode-DISEASE_INDICATION-TR-00005-04)"", ""(SynNode-DISEASE_INDICATION-TR-00005-04, increases, SynNode-DISEASE_INDICATION-TR-00005-05)"", ""(SynNode-DISEASE_INDICATION-TR-00005-05, enables, SynNode-DISEASE_INDICATION-TR-00005-06)"", ""(SynNode-DISEASE_INDICATION-TR-00005-06, enables, SynNode-DISEASE_INDICATION-TR-00005-07)"", ""(SynNode-DISEASE_INDICATION-TR-00005-07, transmits_signal_to, SynNode-DISEASE_INDICATION-TR-00005-08)"", ""(SynNode-DISEASE_INDICATION-TR-00005-08, releases, SynNode-DISEASE_INDICATION-TR-00005-09)"", ""(SynNode-DISEASE_INDICATION-TR-00005-09, activates, SynDiseaseState-DISEASE_INDICATION-TR-00005)""]",10,10000010,"(10000010, indication, 10000011)",8,Synthetic schema fixture. The score preserves compatibility with the original quality filter and is not a biological-quality assessment.
"This is a fictional mechanism-logic case, not medical advice. SynAgent-DISEASE_INDICATION-TR-00006 inhibits SynNode-DISEASE_INDICATION-TR-00006-01. SynNode-DISEASE_INDICATION-TR-00006-01 increases SynNode-DISEASE_INDICATION-TR-00006-02. SynNode-DISEASE_INDICATION-TR-00006-02 activates SynNode-DISEASE_INDICATION-TR-00006-03. SynNode-DISEASE_INDICATION-TR-00006-03 transmits signal to SynNode-DISEASE_INDICATION-TR-00006-04. SynNode-DISEASE_INDICATION-TR-00006-04 stabilizes SynNode-DISEASE_INDICATION-TR-00006-05. SynNode-DISEASE_INDICATION-TR-00006-05 activates SynNode-DISEASE_INDICATION-TR-00006-06. SynNode-DISEASE_INDICATION-TR-00006-06 activates SynNode-DISEASE_INDICATION-TR-00006-07. SynNode-DISEASE_INDICATION-TR-00006-07 activates SynDiseaseState-DISEASE_INDICATION-TR-00006. A second agent, SynDecoy-DISEASE_INDICATION-TR-00006, does not inhibit SynNode-DISEASE_INDICATION-TR-00006-01. Which synthetic agent should be selected to block the initiating mechanism?",SynAgent-DISEASE_INDICATION-TR-00006,"1. The synthetic graph states (SynAgent-DISEASE_INDICATION-TR-00006, inhibits, SynNode-DISEASE_INDICATION-TR-00006-01). 2. The synthetic graph states (SynNode-DISEASE_INDICATION-TR-00006-01, increases, SynNode-DISEASE_INDICATION-TR-00006-02). 3. The synthetic graph states (SynNode-DISEASE_INDICATION-TR-00006-02, activates, SynNode-DISEASE_INDICATION-TR-00006-03). 4. The synthetic graph states (SynNode-DISEASE_INDICATION-TR-00006-03, transmits_signal_to, SynNode-DISEASE_INDICATION-TR-00006-04). 5. The synthetic graph states (SynNode-DISEASE_INDICATION-TR-00006-04, stabilizes, SynNode-DISEASE_INDICATION-TR-00006-05). 6. The synthetic graph states (SynNode-DISEASE_INDICATION-TR-00006-05, activates, SynNode-DISEASE_INDICATION-TR-00006-06). 7. The synthetic graph states (SynNode-DISEASE_INDICATION-TR-00006-06, activates, SynNode-DISEASE_INDICATION-TR-00006-07). 8. The synthetic graph states (SynNode-DISEASE_INDICATION-TR-00006-07, activates, SynDiseaseState-DISEASE_INDICATION-TR-00006). Therefore, within this fictional graph, the answer is SynAgent-DISEASE_INDICATION-TR-00006.","[""(SynAgent-DISEASE_INDICATION-TR-00006, inhibits, SynNode-DISEASE_INDICATION-TR-00006-01)"", ""(SynNode-DISEASE_INDICATION-TR-00006-01, increases, SynNode-DISEASE_INDICATION-TR-00006-02)"", ""(SynNode-DISEASE_INDICATION-TR-00006-02, activates, SynNode-DISEASE_INDICATION-TR-00006-03)"", ""(SynNode-DISEASE_INDICATION-TR-00006-03, transmits_signal_to, SynNode-DISEASE_INDICATION-TR-00006-04)"", ""(SynNode-DISEASE_INDICATION-TR-00006-04, stabilizes, SynNode-DISEASE_INDICATION-TR-00006-05)"", ""(SynNode-DISEASE_INDICATION-TR-00006-05, activates, SynNode-DISEASE_INDICATION-TR-00006-06)"", ""(SynNode-DISEASE_INDICATION-TR-00006-06, activates, SynNode-DISEASE_INDICATION-TR-00006-07)"", ""(SynNode-DISEASE_INDICATION-TR-00006-07, activates, SynDiseaseState-DISEASE_INDICATION-TR-00006)""]",8,10000012,"(10000012, indication, 10000013)",8,Synthetic schema fixture. The score preserves compatibility with the original quality filter and is not a biological-quality assessment.
"This is a fictional mechanism-logic case, not medical advice. SynAgent-DISEASE_INDICATION-TR-00007 inhibits SynNode-DISEASE_INDICATION-TR-00007-01. SynNode-DISEASE_INDICATION-TR-00007-01 releases SynNode-DISEASE_INDICATION-TR-00007-02. SynNode-DISEASE_INDICATION-TR-00007-02 enables SynNode-DISEASE_INDICATION-TR-00007-03. SynNode-DISEASE_INDICATION-TR-00007-03 transmits signal to SynNode-DISEASE_INDICATION-TR-00007-04. SynNode-DISEASE_INDICATION-TR-00007-04 stabilizes SynNode-DISEASE_INDICATION-TR-00007-05. SynNode-DISEASE_INDICATION-TR-00007-05 activates SynNode-DISEASE_INDICATION-TR-00007-06. SynNode-DISEASE_INDICATION-TR-00007-06 increases SynNode-DISEASE_INDICATION-TR-00007-07. SynNode-DISEASE_INDICATION-TR-00007-07 increases SynDiseaseState-DISEASE_INDICATION-TR-00007. A second agent, SynDecoy-DISEASE_INDICATION-TR-00007, does not inhibit SynNode-DISEASE_INDICATION-TR-00007-01. Which synthetic agent should be selected to block the initiating mechanism?",SynAgent-DISEASE_INDICATION-TR-00007,"1. The synthetic graph states (SynAgent-DISEASE_INDICATION-TR-00007, inhibits, SynNode-DISEASE_INDICATION-TR-00007-01). 2. The synthetic graph states (SynNode-DISEASE_INDICATION-TR-00007-01, releases, SynNode-DISEASE_INDICATION-TR-00007-02). 3. The synthetic graph states (SynNode-DISEASE_INDICATION-TR-00007-02, enables, SynNode-DISEASE_INDICATION-TR-00007-03). 4. The synthetic graph states (SynNode-DISEASE_INDICATION-TR-00007-03, transmits_signal_to, SynNode-DISEASE_INDICATION-TR-00007-04). 5. The synthetic graph states (SynNode-DISEASE_INDICATION-TR-00007-04, stabilizes, SynNode-DISEASE_INDICATION-TR-00007-05). 6. The synthetic graph states (SynNode-DISEASE_INDICATION-TR-00007-05, activates, SynNode-DISEASE_INDICATION-TR-00007-06). 7. The synthetic graph states (SynNode-DISEASE_INDICATION-TR-00007-06, increases, SynNode-DISEASE_INDICATION-TR-00007-07). 8. The synthetic graph states (SynNode-DISEASE_INDICATION-TR-00007-07, increases, SynDiseaseState-DISEASE_INDICATION-TR-00007). Therefore, within this fictional graph, the answer is SynAgent-DISEASE_INDICATION-TR-00007.","[""(SynAgent-DISEASE_INDICATION-TR-00007, inhibits, SynNode-DISEASE_INDICATION-TR-00007-01)"", ""(SynNode-DISEASE_INDICATION-TR-00007-01, releases, SynNode-DISEASE_INDICATION-TR-00007-02)"", ""(SynNode-DISEASE_INDICATION-TR-00007-02, enables, SynNode-DISEASE_INDICATION-TR-00007-03)"", ""(SynNode-DISEASE_INDICATION-TR-00007-03, transmits_signal_to, SynNode-DISEASE_INDICATION-TR-00007-04)"", ""(SynNode-DISEASE_INDICATION-TR-00007-04, stabilizes, SynNode-DISEASE_INDICATION-TR-00007-05)"", ""(SynNode-DISEASE_INDICATION-TR-00007-05, activates, SynNode-DISEASE_INDICATION-TR-00007-06)"", ""(SynNode-DISEASE_INDICATION-TR-00007-06, increases, SynNode-DISEASE_INDICATION-TR-00007-07)"", ""(SynNode-DISEASE_INDICATION-TR-00007-07, increases, SynDiseaseState-DISEASE_INDICATION-TR-00007)""]",8,10000014,"(10000014, indication, 10000015)",8,Synthetic schema fixture. The score preserves compatibility with the original quality filter and is not a biological-quality assessment.
"This is a fictional mechanism-logic case, not medical advice. SynAgent-DISEASE_INDICATION-TR-00008 inhibits SynNode-DISEASE_INDICATION-TR-00008-01. SynNode-DISEASE_INDICATION-TR-00008-01 transmits signal to SynNode-DISEASE_INDICATION-TR-00008-02. SynNode-DISEASE_INDICATION-TR-00008-02 increases SynNode-DISEASE_INDICATION-TR-00008-03. SynNode-DISEASE_INDICATION-TR-00008-03 transmits signal to SynNode-DISEASE_INDICATION-TR-00008-04. SynNode-DISEASE_INDICATION-TR-00008-04 transmits signal to SynNode-DISEASE_INDICATION-TR-00008-05. SynNode-DISEASE_INDICATION-TR-00008-05 stabilizes SynNode-DISEASE_INDICATION-TR-00008-06. SynNode-DISEASE_INDICATION-TR-00008-06 releases SynNode-DISEASE_INDICATION-TR-00008-07. SynNode-DISEASE_INDICATION-TR-00008-07 releases SynNode-DISEASE_INDICATION-TR-00008-08. SynNode-DISEASE_INDICATION-TR-00008-08 increases SynNode-DISEASE_INDICATION-TR-00008-09. SynNode-DISEASE_INDICATION-TR-00008-09 activates SynNode-DISEASE_INDICATION-TR-00008-10. SynNode-DISEASE_INDICATION-TR-00008-10 enables SynDiseaseState-DISEASE_INDICATION-TR-00008. A second agent, SynDecoy-DISEASE_INDICATION-TR-00008, does not inhibit SynNode-DISEASE_INDICATION-TR-00008-01. Which synthetic agent should be selected to block the initiating mechanism?",SynAgent-DISEASE_INDICATION-TR-00008,"1. The synthetic graph states (SynAgent-DISEASE_INDICATION-TR-00008, inhibits, SynNode-DISEASE_INDICATION-TR-00008-01). 2. The synthetic graph states (SynNode-DISEASE_INDICATION-TR-00008-01, transmits_signal_to, SynNode-DISEASE_INDICATION-TR-00008-02). 3. The synthetic graph states (SynNode-DISEASE_INDICATION-TR-00008-02, increases, SynNode-DISEASE_INDICATION-TR-00008-03). 4. The synthetic graph states (SynNode-DISEASE_INDICATION-TR-00008-03, transmits_signal_to, SynNode-DISEASE_INDICATION-TR-00008-04). 5. The synthetic graph states (SynNode-DISEASE_INDICATION-TR-00008-04, transmits_signal_to, SynNode-DISEASE_INDICATION-TR-00008-05). 6. The synthetic graph states (SynNode-DISEASE_INDICATION-TR-00008-05, stabilizes, SynNode-DISEASE_INDICATION-TR-00008-06). 7. The synthetic graph states (SynNode-DISEASE_INDICATION-TR-00008-06, releases, SynNode-DISEASE_INDICATION-TR-00008-07). 8. The synthetic graph states (SynNode-DISEASE_INDICATION-TR-00008-07, releases, SynNode-DISEASE_INDICATION-TR-00008-08). 9. The synthetic graph states (SynNode-DISEASE_INDICATION-TR-00008-08, increases, SynNode-DISEASE_INDICATION-TR-00008-09). 10. The synthetic graph states (SynNode-DISEASE_INDICATION-TR-00008-09, activates, SynNode-DISEASE_INDICATION-TR-00008-10). 11. The synthetic graph states (SynNode-DISEASE_INDICATION-TR-00008-10, enables, SynDiseaseState-DISEASE_INDICATION-TR-00008). Therefore, within this fictional graph, the answer is SynAgent-DISEASE_INDICATION-TR-00008.","[""(SynAgent-DISEASE_INDICATION-TR-00008, inhibits, SynNode-DISEASE_INDICATION-TR-00008-01)"", ""(SynNode-DISEASE_INDICATION-TR-00008-01, transmits_signal_to, SynNode-DISEASE_INDICATION-TR-00008-02)"", ""(SynNode-DISEASE_INDICATION-TR-00008-02, increases, SynNode-DISEASE_INDICATION-TR-00008-03)"", ""(SynNode-DISEASE_INDICATION-TR-00008-03, transmits_signal_to, SynNode-DISEASE_INDICATION-TR-00008-04)"", ""(SynNode-DISEASE_INDICATION-TR-00008-04, transmits_signal_to, SynNode-DISEASE_INDICATION-TR-00008-05)"", ""(SynNode-DISEASE_INDICATION-TR-00008-05, stabilizes, SynNode-DISEASE_INDICATION-TR-00008-06)"", ""(SynNode-DISEASE_INDICATION-TR-00008-06, releases, SynNode-DISEASE_INDICATION-TR-00008-07)"", ""(SynNode-DISEASE_INDICATION-TR-00008-07, releases, SynNode-DISEASE_INDICATION-TR-00008-08)"", ""(SynNode-DISEASE_INDICATION-TR-00008-08, increases, SynNode-DISEASE_INDICATION-TR-00008-09)"", ""(SynNode-DISEASE_INDICATION-TR-00008-09, activates, SynNode-DISEASE_INDICATION-TR-00008-10)"", ""(SynNode-DISEASE_INDICATION-TR-00008-10, enables, SynDiseaseState-DISEASE_INDICATION-TR-00008)""]",11,10000016,"(10000016, indication, 10000017)",8,Synthetic schema fixture. The score preserves compatibility with the original quality filter and is not a biological-quality assessment.
"This is a fictional mechanism-logic case, not medical advice. SynAgent-DISEASE_INDICATION-TR-00009 inhibits SynNode-DISEASE_INDICATION-TR-00009-01. SynNode-DISEASE_INDICATION-TR-00009-01 enables SynNode-DISEASE_INDICATION-TR-00009-02. SynNode-DISEASE_INDICATION-TR-00009-02 stabilizes SynNode-DISEASE_INDICATION-TR-00009-03. SynNode-DISEASE_INDICATION-TR-00009-03 releases SynNode-DISEASE_INDICATION-TR-00009-04. SynNode-DISEASE_INDICATION-TR-00009-04 stabilizes SynNode-DISEASE_INDICATION-TR-00009-05. SynNode-DISEASE_INDICATION-TR-00009-05 stabilizes SynNode-DISEASE_INDICATION-TR-00009-06. SynNode-DISEASE_INDICATION-TR-00009-06 stabilizes SynNode-DISEASE_INDICATION-TR-00009-07. SynNode-DISEASE_INDICATION-TR-00009-07 releases SynNode-DISEASE_INDICATION-TR-00009-08. SynNode-DISEASE_INDICATION-TR-00009-08 enables SynNode-DISEASE_INDICATION-TR-00009-09. SynNode-DISEASE_INDICATION-TR-00009-09 increases SynNode-DISEASE_INDICATION-TR-00009-10. SynNode-DISEASE_INDICATION-TR-00009-10 releases SynDiseaseState-DISEASE_INDICATION-TR-00009. A second agent, SynDecoy-DISEASE_INDICATION-TR-00009, does not inhibit SynNode-DISEASE_INDICATION-TR-00009-01. Which synthetic agent should be selected to block the initiating mechanism?",SynAgent-DISEASE_INDICATION-TR-00009,"1. The synthetic graph states (SynAgent-DISEASE_INDICATION-TR-00009, inhibits, SynNode-DISEASE_INDICATION-TR-00009-01). 2. The synthetic graph states (SynNode-DISEASE_INDICATION-TR-00009-01, enables, SynNode-DISEASE_INDICATION-TR-00009-02). 3. The synthetic graph states (SynNode-DISEASE_INDICATION-TR-00009-02, stabilizes, SynNode-DISEASE_INDICATION-TR-00009-03). 4. The synthetic graph states (SynNode-DISEASE_INDICATION-TR-00009-03, releases, SynNode-DISEASE_INDICATION-TR-00009-04). 5. The synthetic graph states (SynNode-DISEASE_INDICATION-TR-00009-04, stabilizes, SynNode-DISEASE_INDICATION-TR-00009-05). 6. The synthetic graph states (SynNode-DISEASE_INDICATION-TR-00009-05, stabilizes, SynNode-DISEASE_INDICATION-TR-00009-06). 7. The synthetic graph states (SynNode-DISEASE_INDICATION-TR-00009-06, stabilizes, SynNode-DISEASE_INDICATION-TR-00009-07). 8. The synthetic graph states (SynNode-DISEASE_INDICATION-TR-00009-07, releases, SynNode-DISEASE_INDICATION-TR-00009-08). 9. The synthetic graph states (SynNode-DISEASE_INDICATION-TR-00009-08, enables, SynNode-DISEASE_INDICATION-TR-00009-09). 10. The synthetic graph states (SynNode-DISEASE_INDICATION-TR-00009-09, increases, SynNode-DISEASE_INDICATION-TR-00009-10). 11. The synthetic graph states (SynNode-DISEASE_INDICATION-TR-00009-10, releases, SynDiseaseState-DISEASE_INDICATION-TR-00009). Therefore, within this fictional graph, the answer is SynAgent-DISEASE_INDICATION-TR-00009.","[""(SynAgent-DISEASE_INDICATION-TR-00009, inhibits, SynNode-DISEASE_INDICATION-TR-00009-01)"", ""(SynNode-DISEASE_INDICATION-TR-00009-01, enables, SynNode-DISEASE_INDICATION-TR-00009-02)"", ""(SynNode-DISEASE_INDICATION-TR-00009-02, stabilizes, SynNode-DISEASE_INDICATION-TR-00009-03)"", ""(SynNode-DISEASE_INDICATION-TR-00009-03, releases, SynNode-DISEASE_INDICATION-TR-00009-04)"", ""(SynNode-DISEASE_INDICATION-TR-00009-04, stabilizes, SynNode-DISEASE_INDICATION-TR-00009-05)"", ""(SynNode-DISEASE_INDICATION-TR-00009-05, stabilizes, SynNode-DISEASE_INDICATION-TR-00009-06)"", ""(SynNode-DISEASE_INDICATION-TR-00009-06, stabilizes, SynNode-DISEASE_INDICATION-TR-00009-07)"", ""(SynNode-DISEASE_INDICATION-TR-00009-07, releases, SynNode-DISEASE_INDICATION-TR-00009-08)"", ""(SynNode-DISEASE_INDICATION-TR-00009-08, enables, SynNode-DISEASE_INDICATION-TR-00009-09)"", ""(SynNode-DISEASE_INDICATION-TR-00009-09, increases, SynNode-DISEASE_INDICATION-TR-00009-10)"", ""(SynNode-DISEASE_INDICATION-TR-00009-10, releases, SynDiseaseState-DISEASE_INDICATION-TR-00009)""]",11,10000018,"(10000018, indication, 10000019)",8,Synthetic schema fixture. The score preserves compatibility with the original quality filter and is not a biological-quality assessment.
"This is a fictional mechanism-logic case, not medical advice. SynAgent-DISEASE_INDICATION-TR-00010 inhibits SynNode-DISEASE_INDICATION-TR-00010-01. SynNode-DISEASE_INDICATION-TR-00010-01 transmits signal to SynNode-DISEASE_INDICATION-TR-00010-02. SynNode-DISEASE_INDICATION-TR-00010-02 enables SynNode-DISEASE_INDICATION-TR-00010-03. SynNode-DISEASE_INDICATION-TR-00010-03 releases SynNode-DISEASE_INDICATION-TR-00010-04. SynNode-DISEASE_INDICATION-TR-00010-04 releases SynDiseaseState-DISEASE_INDICATION-TR-00010. A second agent, SynDecoy-DISEASE_INDICATION-TR-00010, does not inhibit SynNode-DISEASE_INDICATION-TR-00010-01. Which synthetic agent should be selected to block the initiating mechanism?",SynAgent-DISEASE_INDICATION-TR-00010,"1. The synthetic graph states (SynAgent-DISEASE_INDICATION-TR-00010, inhibits, SynNode-DISEASE_INDICATION-TR-00010-01). 2. The synthetic graph states (SynNode-DISEASE_INDICATION-TR-00010-01, transmits_signal_to, SynNode-DISEASE_INDICATION-TR-00010-02). 3. The synthetic graph states (SynNode-DISEASE_INDICATION-TR-00010-02, enables, SynNode-DISEASE_INDICATION-TR-00010-03). 4. The synthetic graph states (SynNode-DISEASE_INDICATION-TR-00010-03, releases, SynNode-DISEASE_INDICATION-TR-00010-04). 5. The synthetic graph states (SynNode-DISEASE_INDICATION-TR-00010-04, releases, SynDiseaseState-DISEASE_INDICATION-TR-00010). Therefore, within this fictional graph, the answer is SynAgent-DISEASE_INDICATION-TR-00010.","[""(SynAgent-DISEASE_INDICATION-TR-00010, inhibits, SynNode-DISEASE_INDICATION-TR-00010-01)"", ""(SynNode-DISEASE_INDICATION-TR-00010-01, transmits_signal_to, SynNode-DISEASE_INDICATION-TR-00010-02)"", ""(SynNode-DISEASE_INDICATION-TR-00010-02, enables, SynNode-DISEASE_INDICATION-TR-00010-03)"", ""(SynNode-DISEASE_INDICATION-TR-00010-03, releases, SynNode-DISEASE_INDICATION-TR-00010-04)"", ""(SynNode-DISEASE_INDICATION-TR-00010-04, releases, SynDiseaseState-DISEASE_INDICATION-TR-00010)""]",5,10000020,"(10000020, indication, 10000021)",8,Synthetic schema fixture. The score preserves compatibility with the original quality filter and is not a biological-quality assessment.
"This is a fictional mechanism-logic case, not medical advice. SynAgent-DISEASE_INDICATION-TR-00011 inhibits SynNode-DISEASE_INDICATION-TR-00011-01. SynNode-DISEASE_INDICATION-TR-00011-01 stabilizes SynNode-DISEASE_INDICATION-TR-00011-02. SynNode-DISEASE_INDICATION-TR-00011-02 enables SynNode-DISEASE_INDICATION-TR-00011-03. SynNode-DISEASE_INDICATION-TR-00011-03 transmits signal to SynNode-DISEASE_INDICATION-TR-00011-04. SynNode-DISEASE_INDICATION-TR-00011-04 enables SynNode-DISEASE_INDICATION-TR-00011-05. SynNode-DISEASE_INDICATION-TR-00011-05 stabilizes SynNode-DISEASE_INDICATION-TR-00011-06. SynNode-DISEASE_INDICATION-TR-00011-06 enables SynDiseaseState-DISEASE_INDICATION-TR-00011. A second agent, SynDecoy-DISEASE_INDICATION-TR-00011, does not inhibit SynNode-DISEASE_INDICATION-TR-00011-01. Which synthetic agent should be selected to block the initiating mechanism?",SynAgent-DISEASE_INDICATION-TR-00011,"1. The synthetic graph states (SynAgent-DISEASE_INDICATION-TR-00011, inhibits, SynNode-DISEASE_INDICATION-TR-00011-01). 2. The synthetic graph states (SynNode-DISEASE_INDICATION-TR-00011-01, stabilizes, SynNode-DISEASE_INDICATION-TR-00011-02). 3. The synthetic graph states (SynNode-DISEASE_INDICATION-TR-00011-02, enables, SynNode-DISEASE_INDICATION-TR-00011-03). 4. The synthetic graph states (SynNode-DISEASE_INDICATION-TR-00011-03, transmits_signal_to, SynNode-DISEASE_INDICATION-TR-00011-04). 5. The synthetic graph states (SynNode-DISEASE_INDICATION-TR-00011-04, enables, SynNode-DISEASE_INDICATION-TR-00011-05). 6. The synthetic graph states (SynNode-DISEASE_INDICATION-TR-00011-05, stabilizes, SynNode-DISEASE_INDICATION-TR-00011-06). 7. The synthetic graph states (SynNode-DISEASE_INDICATION-TR-00011-06, enables, SynDiseaseState-DISEASE_INDICATION-TR-00011). Therefore, within this fictional graph, the answer is SynAgent-DISEASE_INDICATION-TR-00011.","[""(SynAgent-DISEASE_INDICATION-TR-00011, inhibits, SynNode-DISEASE_INDICATION-TR-00011-01)"", ""(SynNode-DISEASE_INDICATION-TR-00011-01, stabilizes, SynNode-DISEASE_INDICATION-TR-00011-02)"", ""(SynNode-DISEASE_INDICATION-TR-00011-02, enables, SynNode-DISEASE_INDICATION-TR-00011-03)"", ""(SynNode-DISEASE_INDICATION-TR-00011-03, transmits_signal_to, SynNode-DISEASE_INDICATION-TR-00011-04)"", ""(SynNode-DISEASE_INDICATION-TR-00011-04, enables, SynNode-DISEASE_INDICATION-TR-00011-05)"", ""(SynNode-DISEASE_INDICATION-TR-00011-05, stabilizes, SynNode-DISEASE_INDICATION-TR-00011-06)"", ""(SynNode-DISEASE_INDICATION-TR-00011-06, enables, SynDiseaseState-DISEASE_INDICATION-TR-00011)""]",7,10000022,"(10000022, indication, 10000023)",8,Synthetic schema fixture. The score preserves compatibility with the original quality filter and is not a biological-quality assessment.
