question,answer,explanation,evidence_KG,hop,source_kg_index,source_triplet_str,drug_a_name,drug_b_name,score,score_reason
"This is a fictional interaction-logic case, not medical advice. SynDrugA-DRUG_SYNERGY-TR-00000 and SynDrugB-DRUG_SYNERGY-TR-00000 are co-administered. SynDrugA-DRUG_SYNERGY-TR-00000+SynDrugB-DRUG_SYNERGY-TR-00000 jointly perturbs SynNode-DRUG_SYNERGY-TR-00000-01. SynNode-DRUG_SYNERGY-TR-00000-01 increases SynNode-DRUG_SYNERGY-TR-00000-02. SynNode-DRUG_SYNERGY-TR-00000-02 stabilizes SynNode-DRUG_SYNERGY-TR-00000-03. SynNode-DRUG_SYNERGY-TR-00000-03 stabilizes SynNode-DRUG_SYNERGY-TR-00000-04. SynNode-DRUG_SYNERGY-TR-00000-04 enables SynNode-DRUG_SYNERGY-TR-00000-05. SynNode-DRUG_SYNERGY-TR-00000-05 releases SynCombinedOutcome-DRUG_SYNERGY-TR-00000. What synthetic downstream outcome follows from their co-administration?",SynCombinedOutcome-DRUG_SYNERGY-TR-00000,"1. The synthetic graph states (SynDrugA-DRUG_SYNERGY-TR-00000+SynDrugB-DRUG_SYNERGY-TR-00000, jointly_perturbs, SynNode-DRUG_SYNERGY-TR-00000-01). 2. The synthetic graph states (SynNode-DRUG_SYNERGY-TR-00000-01, increases, SynNode-DRUG_SYNERGY-TR-00000-02). 3. The synthetic graph states (SynNode-DRUG_SYNERGY-TR-00000-02, stabilizes, SynNode-DRUG_SYNERGY-TR-00000-03). 4. The synthetic graph states (SynNode-DRUG_SYNERGY-TR-00000-03, stabilizes, SynNode-DRUG_SYNERGY-TR-00000-04). 5. The synthetic graph states (SynNode-DRUG_SYNERGY-TR-00000-04, enables, SynNode-DRUG_SYNERGY-TR-00000-05). 6. The synthetic graph states (SynNode-DRUG_SYNERGY-TR-00000-05, releases, SynCombinedOutcome-DRUG_SYNERGY-TR-00000). Therefore, within this fictional graph, the answer is SynCombinedOutcome-DRUG_SYNERGY-TR-00000.","[""(SynDrugA-DRUG_SYNERGY-TR-00000+SynDrugB-DRUG_SYNERGY-TR-00000, jointly_perturbs, SynNode-DRUG_SYNERGY-TR-00000-01)"", ""(SynNode-DRUG_SYNERGY-TR-00000-01, increases, SynNode-DRUG_SYNERGY-TR-00000-02)"", ""(SynNode-DRUG_SYNERGY-TR-00000-02, stabilizes, SynNode-DRUG_SYNERGY-TR-00000-03)"", ""(SynNode-DRUG_SYNERGY-TR-00000-03, stabilizes, SynNode-DRUG_SYNERGY-TR-00000-04)"", ""(SynNode-DRUG_SYNERGY-TR-00000-04, enables, SynNode-DRUG_SYNERGY-TR-00000-05)"", ""(SynNode-DRUG_SYNERGY-TR-00000-05, releases, SynCombinedOutcome-DRUG_SYNERGY-TR-00000)""]",6,11000000,"(11000000, synergistic interaction, 11000001)",SynDrugA-DRUG_SYNERGY-TR-00000 is a fictional compound used only for software testing.,SynDrugB-DRUG_SYNERGY-TR-00000 is a fictional compound used only for software testing.,8,Synthetic schema fixture. The score preserves compatibility with the original quality filter and is not a biological-quality assessment.
"This is a fictional interaction-logic case, not medical advice. SynDrugA-DRUG_SYNERGY-TR-00001 and SynDrugB-DRUG_SYNERGY-TR-00001 are co-administered. SynDrugA-DRUG_SYNERGY-TR-00001+SynDrugB-DRUG_SYNERGY-TR-00001 jointly perturbs SynNode-DRUG_SYNERGY-TR-00001-01. SynNode-DRUG_SYNERGY-TR-00001-01 stabilizes SynNode-DRUG_SYNERGY-TR-00001-02. SynNode-DRUG_SYNERGY-TR-00001-02 activates SynNode-DRUG_SYNERGY-TR-00001-03. SynNode-DRUG_SYNERGY-TR-00001-03 activates SynNode-DRUG_SYNERGY-TR-00001-04. SynNode-DRUG_SYNERGY-TR-00001-04 releases SynNode-DRUG_SYNERGY-TR-00001-05. SynNode-DRUG_SYNERGY-TR-00001-05 stabilizes SynNode-DRUG_SYNERGY-TR-00001-06. SynNode-DRUG_SYNERGY-TR-00001-06 increases SynCombinedOutcome-DRUG_SYNERGY-TR-00001. What synthetic downstream outcome follows from their co-administration?",SynCombinedOutcome-DRUG_SYNERGY-TR-00001,"1. The synthetic graph states (SynDrugA-DRUG_SYNERGY-TR-00001+SynDrugB-DRUG_SYNERGY-TR-00001, jointly_perturbs, SynNode-DRUG_SYNERGY-TR-00001-01). 2. The synthetic graph states (SynNode-DRUG_SYNERGY-TR-00001-01, stabilizes, SynNode-DRUG_SYNERGY-TR-00001-02). 3. The synthetic graph states (SynNode-DRUG_SYNERGY-TR-00001-02, activates, SynNode-DRUG_SYNERGY-TR-00001-03). 4. The synthetic graph states (SynNode-DRUG_SYNERGY-TR-00001-03, activates, SynNode-DRUG_SYNERGY-TR-00001-04). 5. The synthetic graph states (SynNode-DRUG_SYNERGY-TR-00001-04, releases, SynNode-DRUG_SYNERGY-TR-00001-05). 6. The synthetic graph states (SynNode-DRUG_SYNERGY-TR-00001-05, stabilizes, SynNode-DRUG_SYNERGY-TR-00001-06). 7. The synthetic graph states (SynNode-DRUG_SYNERGY-TR-00001-06, increases, SynCombinedOutcome-DRUG_SYNERGY-TR-00001). Therefore, within this fictional graph, the answer is SynCombinedOutcome-DRUG_SYNERGY-TR-00001.","[""(SynDrugA-DRUG_SYNERGY-TR-00001+SynDrugB-DRUG_SYNERGY-TR-00001, jointly_perturbs, SynNode-DRUG_SYNERGY-TR-00001-01)"", ""(SynNode-DRUG_SYNERGY-TR-00001-01, stabilizes, SynNode-DRUG_SYNERGY-TR-00001-02)"", ""(SynNode-DRUG_SYNERGY-TR-00001-02, activates, SynNode-DRUG_SYNERGY-TR-00001-03)"", ""(SynNode-DRUG_SYNERGY-TR-00001-03, activates, SynNode-DRUG_SYNERGY-TR-00001-04)"", ""(SynNode-DRUG_SYNERGY-TR-00001-04, releases, SynNode-DRUG_SYNERGY-TR-00001-05)"", ""(SynNode-DRUG_SYNERGY-TR-00001-05, stabilizes, SynNode-DRUG_SYNERGY-TR-00001-06)"", ""(SynNode-DRUG_SYNERGY-TR-00001-06, increases, SynCombinedOutcome-DRUG_SYNERGY-TR-00001)""]",7,11000002,"(11000002, synergistic interaction, 11000003)",SynDrugA-DRUG_SYNERGY-TR-00001 is a fictional compound used only for software testing.,SynDrugB-DRUG_SYNERGY-TR-00001 is a fictional compound used only for software testing.,8,Synthetic schema fixture. The score preserves compatibility with the original quality filter and is not a biological-quality assessment.
"This is a fictional interaction-logic case, not medical advice. SynDrugA-DRUG_SYNERGY-TR-00002 and SynDrugB-DRUG_SYNERGY-TR-00002 are co-administered. SynDrugA-DRUG_SYNERGY-TR-00002+SynDrugB-DRUG_SYNERGY-TR-00002 jointly perturbs SynNode-DRUG_SYNERGY-TR-00002-01. SynNode-DRUG_SYNERGY-TR-00002-01 increases SynNode-DRUG_SYNERGY-TR-00002-02. SynNode-DRUG_SYNERGY-TR-00002-02 activates SynNode-DRUG_SYNERGY-TR-00002-03. SynNode-DRUG_SYNERGY-TR-00002-03 transmits signal to SynNode-DRUG_SYNERGY-TR-00002-04. SynNode-DRUG_SYNERGY-TR-00002-04 transmits signal to SynNode-DRUG_SYNERGY-TR-00002-05. SynNode-DRUG_SYNERGY-TR-00002-05 transmits signal to SynNode-DRUG_SYNERGY-TR-00002-06. SynNode-DRUG_SYNERGY-TR-00002-06 releases SynNode-DRUG_SYNERGY-TR-00002-07. SynNode-DRUG_SYNERGY-TR-00002-07 increases SynNode-DRUG_SYNERGY-TR-00002-08. SynNode-DRUG_SYNERGY-TR-00002-08 activates SynCombinedOutcome-DRUG_SYNERGY-TR-00002. What synthetic downstream outcome follows from their co-administration?",SynCombinedOutcome-DRUG_SYNERGY-TR-00002,"1. The synthetic graph states (SynDrugA-DRUG_SYNERGY-TR-00002+SynDrugB-DRUG_SYNERGY-TR-00002, jointly_perturbs, SynNode-DRUG_SYNERGY-TR-00002-01). 2. The synthetic graph states (SynNode-DRUG_SYNERGY-TR-00002-01, increases, SynNode-DRUG_SYNERGY-TR-00002-02). 3. The synthetic graph states (SynNode-DRUG_SYNERGY-TR-00002-02, activates, SynNode-DRUG_SYNERGY-TR-00002-03). 4. The synthetic graph states (SynNode-DRUG_SYNERGY-TR-00002-03, transmits_signal_to, SynNode-DRUG_SYNERGY-TR-00002-04). 5. The synthetic graph states (SynNode-DRUG_SYNERGY-TR-00002-04, transmits_signal_to, SynNode-DRUG_SYNERGY-TR-00002-05). 6. The synthetic graph states (SynNode-DRUG_SYNERGY-TR-00002-05, transmits_signal_to, SynNode-DRUG_SYNERGY-TR-00002-06). 7. The synthetic graph states (SynNode-DRUG_SYNERGY-TR-00002-06, releases, SynNode-DRUG_SYNERGY-TR-00002-07). 8. The synthetic graph states (SynNode-DRUG_SYNERGY-TR-00002-07, increases, SynNode-DRUG_SYNERGY-TR-00002-08). 9. The synthetic graph states (SynNode-DRUG_SYNERGY-TR-00002-08, activates, SynCombinedOutcome-DRUG_SYNERGY-TR-00002). Therefore, within this fictional graph, the answer is SynCombinedOutcome-DRUG_SYNERGY-TR-00002.","[""(SynDrugA-DRUG_SYNERGY-TR-00002+SynDrugB-DRUG_SYNERGY-TR-00002, jointly_perturbs, SynNode-DRUG_SYNERGY-TR-00002-01)"", ""(SynNode-DRUG_SYNERGY-TR-00002-01, increases, SynNode-DRUG_SYNERGY-TR-00002-02)"", ""(SynNode-DRUG_SYNERGY-TR-00002-02, activates, SynNode-DRUG_SYNERGY-TR-00002-03)"", ""(SynNode-DRUG_SYNERGY-TR-00002-03, transmits_signal_to, SynNode-DRUG_SYNERGY-TR-00002-04)"", ""(SynNode-DRUG_SYNERGY-TR-00002-04, transmits_signal_to, SynNode-DRUG_SYNERGY-TR-00002-05)"", ""(SynNode-DRUG_SYNERGY-TR-00002-05, transmits_signal_to, SynNode-DRUG_SYNERGY-TR-00002-06)"", ""(SynNode-DRUG_SYNERGY-TR-00002-06, releases, SynNode-DRUG_SYNERGY-TR-00002-07)"", ""(SynNode-DRUG_SYNERGY-TR-00002-07, increases, SynNode-DRUG_SYNERGY-TR-00002-08)"", ""(SynNode-DRUG_SYNERGY-TR-00002-08, activates, SynCombinedOutcome-DRUG_SYNERGY-TR-00002)""]",9,11000004,"(11000004, synergistic interaction, 11000005)",SynDrugA-DRUG_SYNERGY-TR-00002 is a fictional compound used only for software testing.,SynDrugB-DRUG_SYNERGY-TR-00002 is a fictional compound used only for software testing.,8,Synthetic schema fixture. The score preserves compatibility with the original quality filter and is not a biological-quality assessment.
"This is a fictional interaction-logic case, not medical advice. SynDrugA-DRUG_SYNERGY-TR-00003 and SynDrugB-DRUG_SYNERGY-TR-00003 are co-administered. SynDrugA-DRUG_SYNERGY-TR-00003+SynDrugB-DRUG_SYNERGY-TR-00003 jointly perturbs SynNode-DRUG_SYNERGY-TR-00003-01. SynNode-DRUG_SYNERGY-TR-00003-01 enables SynNode-DRUG_SYNERGY-TR-00003-02. SynNode-DRUG_SYNERGY-TR-00003-02 transmits signal to SynCombinedOutcome-DRUG_SYNERGY-TR-00003. What synthetic downstream outcome follows from their co-administration?",SynCombinedOutcome-DRUG_SYNERGY-TR-00003,"1. The synthetic graph states (SynDrugA-DRUG_SYNERGY-TR-00003+SynDrugB-DRUG_SYNERGY-TR-00003, jointly_perturbs, SynNode-DRUG_SYNERGY-TR-00003-01). 2. The synthetic graph states (SynNode-DRUG_SYNERGY-TR-00003-01, enables, SynNode-DRUG_SYNERGY-TR-00003-02). 3. The synthetic graph states (SynNode-DRUG_SYNERGY-TR-00003-02, transmits_signal_to, SynCombinedOutcome-DRUG_SYNERGY-TR-00003). Therefore, within this fictional graph, the answer is SynCombinedOutcome-DRUG_SYNERGY-TR-00003.","[""(SynDrugA-DRUG_SYNERGY-TR-00003+SynDrugB-DRUG_SYNERGY-TR-00003, jointly_perturbs, SynNode-DRUG_SYNERGY-TR-00003-01)"", ""(SynNode-DRUG_SYNERGY-TR-00003-01, enables, SynNode-DRUG_SYNERGY-TR-00003-02)"", ""(SynNode-DRUG_SYNERGY-TR-00003-02, transmits_signal_to, SynCombinedOutcome-DRUG_SYNERGY-TR-00003)""]",3,11000006,"(11000006, synergistic interaction, 11000007)",SynDrugA-DRUG_SYNERGY-TR-00003 is a fictional compound used only for software testing.,SynDrugB-DRUG_SYNERGY-TR-00003 is a fictional compound used only for software testing.,8,Synthetic schema fixture. The score preserves compatibility with the original quality filter and is not a biological-quality assessment.
"This is a fictional interaction-logic case, not medical advice. SynDrugA-DRUG_SYNERGY-TR-00004 and SynDrugB-DRUG_SYNERGY-TR-00004 are co-administered. SynDrugA-DRUG_SYNERGY-TR-00004+SynDrugB-DRUG_SYNERGY-TR-00004 jointly perturbs SynNode-DRUG_SYNERGY-TR-00004-01. SynNode-DRUG_SYNERGY-TR-00004-01 transmits signal to SynNode-DRUG_SYNERGY-TR-00004-02. SynNode-DRUG_SYNERGY-TR-00004-02 stabilizes SynNode-DRUG_SYNERGY-TR-00004-03. SynNode-DRUG_SYNERGY-TR-00004-03 increases SynCombinedOutcome-DRUG_SYNERGY-TR-00004. What synthetic downstream outcome follows from their co-administration?",SynCombinedOutcome-DRUG_SYNERGY-TR-00004,"1. The synthetic graph states (SynDrugA-DRUG_SYNERGY-TR-00004+SynDrugB-DRUG_SYNERGY-TR-00004, jointly_perturbs, SynNode-DRUG_SYNERGY-TR-00004-01). 2. The synthetic graph states (SynNode-DRUG_SYNERGY-TR-00004-01, transmits_signal_to, SynNode-DRUG_SYNERGY-TR-00004-02). 3. The synthetic graph states (SynNode-DRUG_SYNERGY-TR-00004-02, stabilizes, SynNode-DRUG_SYNERGY-TR-00004-03). 4. The synthetic graph states (SynNode-DRUG_SYNERGY-TR-00004-03, increases, SynCombinedOutcome-DRUG_SYNERGY-TR-00004). Therefore, within this fictional graph, the answer is SynCombinedOutcome-DRUG_SYNERGY-TR-00004.","[""(SynDrugA-DRUG_SYNERGY-TR-00004+SynDrugB-DRUG_SYNERGY-TR-00004, jointly_perturbs, SynNode-DRUG_SYNERGY-TR-00004-01)"", ""(SynNode-DRUG_SYNERGY-TR-00004-01, transmits_signal_to, SynNode-DRUG_SYNERGY-TR-00004-02)"", ""(SynNode-DRUG_SYNERGY-TR-00004-02, stabilizes, SynNode-DRUG_SYNERGY-TR-00004-03)"", ""(SynNode-DRUG_SYNERGY-TR-00004-03, increases, SynCombinedOutcome-DRUG_SYNERGY-TR-00004)""]",4,11000008,"(11000008, synergistic interaction, 11000009)",SynDrugA-DRUG_SYNERGY-TR-00004 is a fictional compound used only for software testing.,SynDrugB-DRUG_SYNERGY-TR-00004 is a fictional compound used only for software testing.,8,Synthetic schema fixture. The score preserves compatibility with the original quality filter and is not a biological-quality assessment.
"This is a fictional interaction-logic case, not medical advice. SynDrugA-DRUG_SYNERGY-TR-00005 and SynDrugB-DRUG_SYNERGY-TR-00005 are co-administered. SynDrugA-DRUG_SYNERGY-TR-00005+SynDrugB-DRUG_SYNERGY-TR-00005 jointly perturbs SynNode-DRUG_SYNERGY-TR-00005-01. SynNode-DRUG_SYNERGY-TR-00005-01 activates SynNode-DRUG_SYNERGY-TR-00005-02. SynNode-DRUG_SYNERGY-TR-00005-02 activates SynNode-DRUG_SYNERGY-TR-00005-03. SynNode-DRUG_SYNERGY-TR-00005-03 releases SynNode-DRUG_SYNERGY-TR-00005-04. SynNode-DRUG_SYNERGY-TR-00005-04 increases SynNode-DRUG_SYNERGY-TR-00005-05. SynNode-DRUG_SYNERGY-TR-00005-05 activates SynNode-DRUG_SYNERGY-TR-00005-06. SynNode-DRUG_SYNERGY-TR-00005-06 enables SynNode-DRUG_SYNERGY-TR-00005-07. SynNode-DRUG_SYNERGY-TR-00005-07 transmits signal to SynNode-DRUG_SYNERGY-TR-00005-08. SynNode-DRUG_SYNERGY-TR-00005-08 activates SynCombinedOutcome-DRUG_SYNERGY-TR-00005. What synthetic downstream outcome follows from their co-administration?",SynCombinedOutcome-DRUG_SYNERGY-TR-00005,"1. The synthetic graph states (SynDrugA-DRUG_SYNERGY-TR-00005+SynDrugB-DRUG_SYNERGY-TR-00005, jointly_perturbs, SynNode-DRUG_SYNERGY-TR-00005-01). 2. The synthetic graph states (SynNode-DRUG_SYNERGY-TR-00005-01, activates, SynNode-DRUG_SYNERGY-TR-00005-02). 3. The synthetic graph states (SynNode-DRUG_SYNERGY-TR-00005-02, activates, SynNode-DRUG_SYNERGY-TR-00005-03). 4. The synthetic graph states (SynNode-DRUG_SYNERGY-TR-00005-03, releases, SynNode-DRUG_SYNERGY-TR-00005-04). 5. The synthetic graph states (SynNode-DRUG_SYNERGY-TR-00005-04, increases, SynNode-DRUG_SYNERGY-TR-00005-05). 6. The synthetic graph states (SynNode-DRUG_SYNERGY-TR-00005-05, activates, SynNode-DRUG_SYNERGY-TR-00005-06). 7. The synthetic graph states (SynNode-DRUG_SYNERGY-TR-00005-06, enables, SynNode-DRUG_SYNERGY-TR-00005-07). 8. The synthetic graph states (SynNode-DRUG_SYNERGY-TR-00005-07, transmits_signal_to, SynNode-DRUG_SYNERGY-TR-00005-08). 9. The synthetic graph states (SynNode-DRUG_SYNERGY-TR-00005-08, activates, SynCombinedOutcome-DRUG_SYNERGY-TR-00005). Therefore, within this fictional graph, the answer is SynCombinedOutcome-DRUG_SYNERGY-TR-00005.","[""(SynDrugA-DRUG_SYNERGY-TR-00005+SynDrugB-DRUG_SYNERGY-TR-00005, jointly_perturbs, SynNode-DRUG_SYNERGY-TR-00005-01)"", ""(SynNode-DRUG_SYNERGY-TR-00005-01, activates, SynNode-DRUG_SYNERGY-TR-00005-02)"", ""(SynNode-DRUG_SYNERGY-TR-00005-02, activates, SynNode-DRUG_SYNERGY-TR-00005-03)"", ""(SynNode-DRUG_SYNERGY-TR-00005-03, releases, SynNode-DRUG_SYNERGY-TR-00005-04)"", ""(SynNode-DRUG_SYNERGY-TR-00005-04, increases, SynNode-DRUG_SYNERGY-TR-00005-05)"", ""(SynNode-DRUG_SYNERGY-TR-00005-05, activates, SynNode-DRUG_SYNERGY-TR-00005-06)"", ""(SynNode-DRUG_SYNERGY-TR-00005-06, enables, SynNode-DRUG_SYNERGY-TR-00005-07)"", ""(SynNode-DRUG_SYNERGY-TR-00005-07, transmits_signal_to, SynNode-DRUG_SYNERGY-TR-00005-08)"", ""(SynNode-DRUG_SYNERGY-TR-00005-08, activates, SynCombinedOutcome-DRUG_SYNERGY-TR-00005)""]",9,11000010,"(11000010, synergistic interaction, 11000011)",SynDrugA-DRUG_SYNERGY-TR-00005 is a fictional compound used only for software testing.,SynDrugB-DRUG_SYNERGY-TR-00005 is a fictional compound used only for software testing.,8,Synthetic schema fixture. The score preserves compatibility with the original quality filter and is not a biological-quality assessment.
"This is a fictional interaction-logic case, not medical advice. SynDrugA-DRUG_SYNERGY-TR-00006 and SynDrugB-DRUG_SYNERGY-TR-00006 are co-administered. SynDrugA-DRUG_SYNERGY-TR-00006+SynDrugB-DRUG_SYNERGY-TR-00006 jointly perturbs SynNode-DRUG_SYNERGY-TR-00006-01. SynNode-DRUG_SYNERGY-TR-00006-01 transmits signal to SynNode-DRUG_SYNERGY-TR-00006-02. SynNode-DRUG_SYNERGY-TR-00006-02 increases SynNode-DRUG_SYNERGY-TR-00006-03. SynNode-DRUG_SYNERGY-TR-00006-03 increases SynNode-DRUG_SYNERGY-TR-00006-04. SynNode-DRUG_SYNERGY-TR-00006-04 activates SynNode-DRUG_SYNERGY-TR-00006-05. SynNode-DRUG_SYNERGY-TR-00006-05 releases SynNode-DRUG_SYNERGY-TR-00006-06. SynNode-DRUG_SYNERGY-TR-00006-06 releases SynNode-DRUG_SYNERGY-TR-00006-07. SynNode-DRUG_SYNERGY-TR-00006-07 releases SynNode-DRUG_SYNERGY-TR-00006-08. SynNode-DRUG_SYNERGY-TR-00006-08 activates SynCombinedOutcome-DRUG_SYNERGY-TR-00006. What synthetic downstream outcome follows from their co-administration?",SynCombinedOutcome-DRUG_SYNERGY-TR-00006,"1. The synthetic graph states (SynDrugA-DRUG_SYNERGY-TR-00006+SynDrugB-DRUG_SYNERGY-TR-00006, jointly_perturbs, SynNode-DRUG_SYNERGY-TR-00006-01). 2. The synthetic graph states (SynNode-DRUG_SYNERGY-TR-00006-01, transmits_signal_to, SynNode-DRUG_SYNERGY-TR-00006-02). 3. The synthetic graph states (SynNode-DRUG_SYNERGY-TR-00006-02, increases, SynNode-DRUG_SYNERGY-TR-00006-03). 4. The synthetic graph states (SynNode-DRUG_SYNERGY-TR-00006-03, increases, SynNode-DRUG_SYNERGY-TR-00006-04). 5. The synthetic graph states (SynNode-DRUG_SYNERGY-TR-00006-04, activates, SynNode-DRUG_SYNERGY-TR-00006-05). 6. The synthetic graph states (SynNode-DRUG_SYNERGY-TR-00006-05, releases, SynNode-DRUG_SYNERGY-TR-00006-06). 7. The synthetic graph states (SynNode-DRUG_SYNERGY-TR-00006-06, releases, SynNode-DRUG_SYNERGY-TR-00006-07). 8. The synthetic graph states (SynNode-DRUG_SYNERGY-TR-00006-07, releases, SynNode-DRUG_SYNERGY-TR-00006-08). 9. The synthetic graph states (SynNode-DRUG_SYNERGY-TR-00006-08, activates, SynCombinedOutcome-DRUG_SYNERGY-TR-00006). Therefore, within this fictional graph, the answer is SynCombinedOutcome-DRUG_SYNERGY-TR-00006.","[""(SynDrugA-DRUG_SYNERGY-TR-00006+SynDrugB-DRUG_SYNERGY-TR-00006, jointly_perturbs, SynNode-DRUG_SYNERGY-TR-00006-01)"", ""(SynNode-DRUG_SYNERGY-TR-00006-01, transmits_signal_to, SynNode-DRUG_SYNERGY-TR-00006-02)"", ""(SynNode-DRUG_SYNERGY-TR-00006-02, increases, SynNode-DRUG_SYNERGY-TR-00006-03)"", ""(SynNode-DRUG_SYNERGY-TR-00006-03, increases, SynNode-DRUG_SYNERGY-TR-00006-04)"", ""(SynNode-DRUG_SYNERGY-TR-00006-04, activates, SynNode-DRUG_SYNERGY-TR-00006-05)"", ""(SynNode-DRUG_SYNERGY-TR-00006-05, releases, SynNode-DRUG_SYNERGY-TR-00006-06)"", ""(SynNode-DRUG_SYNERGY-TR-00006-06, releases, SynNode-DRUG_SYNERGY-TR-00006-07)"", ""(SynNode-DRUG_SYNERGY-TR-00006-07, releases, SynNode-DRUG_SYNERGY-TR-00006-08)"", ""(SynNode-DRUG_SYNERGY-TR-00006-08, activates, SynCombinedOutcome-DRUG_SYNERGY-TR-00006)""]",9,11000012,"(11000012, synergistic interaction, 11000013)",SynDrugA-DRUG_SYNERGY-TR-00006 is a fictional compound used only for software testing.,SynDrugB-DRUG_SYNERGY-TR-00006 is a fictional compound used only for software testing.,8,Synthetic schema fixture. The score preserves compatibility with the original quality filter and is not a biological-quality assessment.
"This is a fictional interaction-logic case, not medical advice. SynDrugA-DRUG_SYNERGY-TR-00007 and SynDrugB-DRUG_SYNERGY-TR-00007 are co-administered. SynDrugA-DRUG_SYNERGY-TR-00007+SynDrugB-DRUG_SYNERGY-TR-00007 jointly perturbs SynNode-DRUG_SYNERGY-TR-00007-01. SynNode-DRUG_SYNERGY-TR-00007-01 activates SynNode-DRUG_SYNERGY-TR-00007-02. SynNode-DRUG_SYNERGY-TR-00007-02 stabilizes SynNode-DRUG_SYNERGY-TR-00007-03. SynNode-DRUG_SYNERGY-TR-00007-03 activates SynNode-DRUG_SYNERGY-TR-00007-04. SynNode-DRUG_SYNERGY-TR-00007-04 stabilizes SynNode-DRUG_SYNERGY-TR-00007-05. SynNode-DRUG_SYNERGY-TR-00007-05 activates SynNode-DRUG_SYNERGY-TR-00007-06. SynNode-DRUG_SYNERGY-TR-00007-06 releases SynNode-DRUG_SYNERGY-TR-00007-07. SynNode-DRUG_SYNERGY-TR-00007-07 enables SynNode-DRUG_SYNERGY-TR-00007-08. SynNode-DRUG_SYNERGY-TR-00007-08 enables SynCombinedOutcome-DRUG_SYNERGY-TR-00007. What synthetic downstream outcome follows from their co-administration?",SynCombinedOutcome-DRUG_SYNERGY-TR-00007,"1. The synthetic graph states (SynDrugA-DRUG_SYNERGY-TR-00007+SynDrugB-DRUG_SYNERGY-TR-00007, jointly_perturbs, SynNode-DRUG_SYNERGY-TR-00007-01). 2. The synthetic graph states (SynNode-DRUG_SYNERGY-TR-00007-01, activates, SynNode-DRUG_SYNERGY-TR-00007-02). 3. The synthetic graph states (SynNode-DRUG_SYNERGY-TR-00007-02, stabilizes, SynNode-DRUG_SYNERGY-TR-00007-03). 4. The synthetic graph states (SynNode-DRUG_SYNERGY-TR-00007-03, activates, SynNode-DRUG_SYNERGY-TR-00007-04). 5. The synthetic graph states (SynNode-DRUG_SYNERGY-TR-00007-04, stabilizes, SynNode-DRUG_SYNERGY-TR-00007-05). 6. The synthetic graph states (SynNode-DRUG_SYNERGY-TR-00007-05, activates, SynNode-DRUG_SYNERGY-TR-00007-06). 7. The synthetic graph states (SynNode-DRUG_SYNERGY-TR-00007-06, releases, SynNode-DRUG_SYNERGY-TR-00007-07). 8. The synthetic graph states (SynNode-DRUG_SYNERGY-TR-00007-07, enables, SynNode-DRUG_SYNERGY-TR-00007-08). 9. The synthetic graph states (SynNode-DRUG_SYNERGY-TR-00007-08, enables, SynCombinedOutcome-DRUG_SYNERGY-TR-00007). Therefore, within this fictional graph, the answer is SynCombinedOutcome-DRUG_SYNERGY-TR-00007.","[""(SynDrugA-DRUG_SYNERGY-TR-00007+SynDrugB-DRUG_SYNERGY-TR-00007, jointly_perturbs, SynNode-DRUG_SYNERGY-TR-00007-01)"", ""(SynNode-DRUG_SYNERGY-TR-00007-01, activates, SynNode-DRUG_SYNERGY-TR-00007-02)"", ""(SynNode-DRUG_SYNERGY-TR-00007-02, stabilizes, SynNode-DRUG_SYNERGY-TR-00007-03)"", ""(SynNode-DRUG_SYNERGY-TR-00007-03, activates, SynNode-DRUG_SYNERGY-TR-00007-04)"", ""(SynNode-DRUG_SYNERGY-TR-00007-04, stabilizes, SynNode-DRUG_SYNERGY-TR-00007-05)"", ""(SynNode-DRUG_SYNERGY-TR-00007-05, activates, SynNode-DRUG_SYNERGY-TR-00007-06)"", ""(SynNode-DRUG_SYNERGY-TR-00007-06, releases, SynNode-DRUG_SYNERGY-TR-00007-07)"", ""(SynNode-DRUG_SYNERGY-TR-00007-07, enables, SynNode-DRUG_SYNERGY-TR-00007-08)"", ""(SynNode-DRUG_SYNERGY-TR-00007-08, enables, SynCombinedOutcome-DRUG_SYNERGY-TR-00007)""]",9,11000014,"(11000014, synergistic interaction, 11000015)",SynDrugA-DRUG_SYNERGY-TR-00007 is a fictional compound used only for software testing.,SynDrugB-DRUG_SYNERGY-TR-00007 is a fictional compound used only for software testing.,8,Synthetic schema fixture. The score preserves compatibility with the original quality filter and is not a biological-quality assessment.
"This is a fictional interaction-logic case, not medical advice. SynDrugA-DRUG_SYNERGY-TR-00008 and SynDrugB-DRUG_SYNERGY-TR-00008 are co-administered. SynDrugA-DRUG_SYNERGY-TR-00008+SynDrugB-DRUG_SYNERGY-TR-00008 jointly perturbs SynNode-DRUG_SYNERGY-TR-00008-01. SynNode-DRUG_SYNERGY-TR-00008-01 releases SynNode-DRUG_SYNERGY-TR-00008-02. SynNode-DRUG_SYNERGY-TR-00008-02 stabilizes SynNode-DRUG_SYNERGY-TR-00008-03. SynNode-DRUG_SYNERGY-TR-00008-03 releases SynNode-DRUG_SYNERGY-TR-00008-04. SynNode-DRUG_SYNERGY-TR-00008-04 stabilizes SynNode-DRUG_SYNERGY-TR-00008-05. SynNode-DRUG_SYNERGY-TR-00008-05 stabilizes SynCombinedOutcome-DRUG_SYNERGY-TR-00008. What synthetic downstream outcome follows from their co-administration?",SynCombinedOutcome-DRUG_SYNERGY-TR-00008,"1. The synthetic graph states (SynDrugA-DRUG_SYNERGY-TR-00008+SynDrugB-DRUG_SYNERGY-TR-00008, jointly_perturbs, SynNode-DRUG_SYNERGY-TR-00008-01). 2. The synthetic graph states (SynNode-DRUG_SYNERGY-TR-00008-01, releases, SynNode-DRUG_SYNERGY-TR-00008-02). 3. The synthetic graph states (SynNode-DRUG_SYNERGY-TR-00008-02, stabilizes, SynNode-DRUG_SYNERGY-TR-00008-03). 4. The synthetic graph states (SynNode-DRUG_SYNERGY-TR-00008-03, releases, SynNode-DRUG_SYNERGY-TR-00008-04). 5. The synthetic graph states (SynNode-DRUG_SYNERGY-TR-00008-04, stabilizes, SynNode-DRUG_SYNERGY-TR-00008-05). 6. The synthetic graph states (SynNode-DRUG_SYNERGY-TR-00008-05, stabilizes, SynCombinedOutcome-DRUG_SYNERGY-TR-00008). Therefore, within this fictional graph, the answer is SynCombinedOutcome-DRUG_SYNERGY-TR-00008.","[""(SynDrugA-DRUG_SYNERGY-TR-00008+SynDrugB-DRUG_SYNERGY-TR-00008, jointly_perturbs, SynNode-DRUG_SYNERGY-TR-00008-01)"", ""(SynNode-DRUG_SYNERGY-TR-00008-01, releases, SynNode-DRUG_SYNERGY-TR-00008-02)"", ""(SynNode-DRUG_SYNERGY-TR-00008-02, stabilizes, SynNode-DRUG_SYNERGY-TR-00008-03)"", ""(SynNode-DRUG_SYNERGY-TR-00008-03, releases, SynNode-DRUG_SYNERGY-TR-00008-04)"", ""(SynNode-DRUG_SYNERGY-TR-00008-04, stabilizes, SynNode-DRUG_SYNERGY-TR-00008-05)"", ""(SynNode-DRUG_SYNERGY-TR-00008-05, stabilizes, SynCombinedOutcome-DRUG_SYNERGY-TR-00008)""]",6,11000016,"(11000016, synergistic interaction, 11000017)",SynDrugA-DRUG_SYNERGY-TR-00008 is a fictional compound used only for software testing.,SynDrugB-DRUG_SYNERGY-TR-00008 is a fictional compound used only for software testing.,8,Synthetic schema fixture. The score preserves compatibility with the original quality filter and is not a biological-quality assessment.
"This is a fictional interaction-logic case, not medical advice. SynDrugA-DRUG_SYNERGY-TR-00009 and SynDrugB-DRUG_SYNERGY-TR-00009 are co-administered. SynDrugA-DRUG_SYNERGY-TR-00009+SynDrugB-DRUG_SYNERGY-TR-00009 jointly perturbs SynNode-DRUG_SYNERGY-TR-00009-01. SynNode-DRUG_SYNERGY-TR-00009-01 stabilizes SynNode-DRUG_SYNERGY-TR-00009-02. SynNode-DRUG_SYNERGY-TR-00009-02 increases SynNode-DRUG_SYNERGY-TR-00009-03. SynNode-DRUG_SYNERGY-TR-00009-03 activates SynNode-DRUG_SYNERGY-TR-00009-04. SynNode-DRUG_SYNERGY-TR-00009-04 activates SynNode-DRUG_SYNERGY-TR-00009-05. SynNode-DRUG_SYNERGY-TR-00009-05 increases SynNode-DRUG_SYNERGY-TR-00009-06. SynNode-DRUG_SYNERGY-TR-00009-06 enables SynNode-DRUG_SYNERGY-TR-00009-07. SynNode-DRUG_SYNERGY-TR-00009-07 increases SynCombinedOutcome-DRUG_SYNERGY-TR-00009. What synthetic downstream outcome follows from their co-administration?",SynCombinedOutcome-DRUG_SYNERGY-TR-00009,"1. The synthetic graph states (SynDrugA-DRUG_SYNERGY-TR-00009+SynDrugB-DRUG_SYNERGY-TR-00009, jointly_perturbs, SynNode-DRUG_SYNERGY-TR-00009-01). 2. The synthetic graph states (SynNode-DRUG_SYNERGY-TR-00009-01, stabilizes, SynNode-DRUG_SYNERGY-TR-00009-02). 3. The synthetic graph states (SynNode-DRUG_SYNERGY-TR-00009-02, increases, SynNode-DRUG_SYNERGY-TR-00009-03). 4. The synthetic graph states (SynNode-DRUG_SYNERGY-TR-00009-03, activates, SynNode-DRUG_SYNERGY-TR-00009-04). 5. The synthetic graph states (SynNode-DRUG_SYNERGY-TR-00009-04, activates, SynNode-DRUG_SYNERGY-TR-00009-05). 6. The synthetic graph states (SynNode-DRUG_SYNERGY-TR-00009-05, increases, SynNode-DRUG_SYNERGY-TR-00009-06). 7. The synthetic graph states (SynNode-DRUG_SYNERGY-TR-00009-06, enables, SynNode-DRUG_SYNERGY-TR-00009-07). 8. The synthetic graph states (SynNode-DRUG_SYNERGY-TR-00009-07, increases, SynCombinedOutcome-DRUG_SYNERGY-TR-00009). Therefore, within this fictional graph, the answer is SynCombinedOutcome-DRUG_SYNERGY-TR-00009.","[""(SynDrugA-DRUG_SYNERGY-TR-00009+SynDrugB-DRUG_SYNERGY-TR-00009, jointly_perturbs, SynNode-DRUG_SYNERGY-TR-00009-01)"", ""(SynNode-DRUG_SYNERGY-TR-00009-01, stabilizes, SynNode-DRUG_SYNERGY-TR-00009-02)"", ""(SynNode-DRUG_SYNERGY-TR-00009-02, increases, SynNode-DRUG_SYNERGY-TR-00009-03)"", ""(SynNode-DRUG_SYNERGY-TR-00009-03, activates, SynNode-DRUG_SYNERGY-TR-00009-04)"", ""(SynNode-DRUG_SYNERGY-TR-00009-04, activates, SynNode-DRUG_SYNERGY-TR-00009-05)"", ""(SynNode-DRUG_SYNERGY-TR-00009-05, increases, SynNode-DRUG_SYNERGY-TR-00009-06)"", ""(SynNode-DRUG_SYNERGY-TR-00009-06, enables, SynNode-DRUG_SYNERGY-TR-00009-07)"", ""(SynNode-DRUG_SYNERGY-TR-00009-07, increases, SynCombinedOutcome-DRUG_SYNERGY-TR-00009)""]",8,11000018,"(11000018, synergistic interaction, 11000019)",SynDrugA-DRUG_SYNERGY-TR-00009 is a fictional compound used only for software testing.,SynDrugB-DRUG_SYNERGY-TR-00009 is a fictional compound used only for software testing.,8,Synthetic schema fixture. The score preserves compatibility with the original quality filter and is not a biological-quality assessment.
"This is a fictional interaction-logic case, not medical advice. SynDrugA-DRUG_SYNERGY-TR-00010 and SynDrugB-DRUG_SYNERGY-TR-00010 are co-administered. SynDrugA-DRUG_SYNERGY-TR-00010+SynDrugB-DRUG_SYNERGY-TR-00010 jointly perturbs SynNode-DRUG_SYNERGY-TR-00010-01. SynNode-DRUG_SYNERGY-TR-00010-01 transmits signal to SynNode-DRUG_SYNERGY-TR-00010-02. SynNode-DRUG_SYNERGY-TR-00010-02 stabilizes SynCombinedOutcome-DRUG_SYNERGY-TR-00010. What synthetic downstream outcome follows from their co-administration?",SynCombinedOutcome-DRUG_SYNERGY-TR-00010,"1. The synthetic graph states (SynDrugA-DRUG_SYNERGY-TR-00010+SynDrugB-DRUG_SYNERGY-TR-00010, jointly_perturbs, SynNode-DRUG_SYNERGY-TR-00010-01). 2. The synthetic graph states (SynNode-DRUG_SYNERGY-TR-00010-01, transmits_signal_to, SynNode-DRUG_SYNERGY-TR-00010-02). 3. The synthetic graph states (SynNode-DRUG_SYNERGY-TR-00010-02, stabilizes, SynCombinedOutcome-DRUG_SYNERGY-TR-00010). Therefore, within this fictional graph, the answer is SynCombinedOutcome-DRUG_SYNERGY-TR-00010.","[""(SynDrugA-DRUG_SYNERGY-TR-00010+SynDrugB-DRUG_SYNERGY-TR-00010, jointly_perturbs, SynNode-DRUG_SYNERGY-TR-00010-01)"", ""(SynNode-DRUG_SYNERGY-TR-00010-01, transmits_signal_to, SynNode-DRUG_SYNERGY-TR-00010-02)"", ""(SynNode-DRUG_SYNERGY-TR-00010-02, stabilizes, SynCombinedOutcome-DRUG_SYNERGY-TR-00010)""]",3,11000020,"(11000020, synergistic interaction, 11000021)",SynDrugA-DRUG_SYNERGY-TR-00010 is a fictional compound used only for software testing.,SynDrugB-DRUG_SYNERGY-TR-00010 is a fictional compound used only for software testing.,8,Synthetic schema fixture. The score preserves compatibility with the original quality filter and is not a biological-quality assessment.
"This is a fictional interaction-logic case, not medical advice. SynDrugA-DRUG_SYNERGY-TR-00011 and SynDrugB-DRUG_SYNERGY-TR-00011 are co-administered. SynDrugA-DRUG_SYNERGY-TR-00011+SynDrugB-DRUG_SYNERGY-TR-00011 jointly perturbs SynNode-DRUG_SYNERGY-TR-00011-01. SynNode-DRUG_SYNERGY-TR-00011-01 increases SynNode-DRUG_SYNERGY-TR-00011-02. SynNode-DRUG_SYNERGY-TR-00011-02 releases SynCombinedOutcome-DRUG_SYNERGY-TR-00011. What synthetic downstream outcome follows from their co-administration?",SynCombinedOutcome-DRUG_SYNERGY-TR-00011,"1. The synthetic graph states (SynDrugA-DRUG_SYNERGY-TR-00011+SynDrugB-DRUG_SYNERGY-TR-00011, jointly_perturbs, SynNode-DRUG_SYNERGY-TR-00011-01). 2. The synthetic graph states (SynNode-DRUG_SYNERGY-TR-00011-01, increases, SynNode-DRUG_SYNERGY-TR-00011-02). 3. The synthetic graph states (SynNode-DRUG_SYNERGY-TR-00011-02, releases, SynCombinedOutcome-DRUG_SYNERGY-TR-00011). Therefore, within this fictional graph, the answer is SynCombinedOutcome-DRUG_SYNERGY-TR-00011.","[""(SynDrugA-DRUG_SYNERGY-TR-00011+SynDrugB-DRUG_SYNERGY-TR-00011, jointly_perturbs, SynNode-DRUG_SYNERGY-TR-00011-01)"", ""(SynNode-DRUG_SYNERGY-TR-00011-01, increases, SynNode-DRUG_SYNERGY-TR-00011-02)"", ""(SynNode-DRUG_SYNERGY-TR-00011-02, releases, SynCombinedOutcome-DRUG_SYNERGY-TR-00011)""]",3,11000022,"(11000022, synergistic interaction, 11000023)",SynDrugA-DRUG_SYNERGY-TR-00011 is a fictional compound used only for software testing.,SynDrugB-DRUG_SYNERGY-TR-00011 is a fictional compound used only for software testing.,8,Synthetic schema fixture. The score preserves compatibility with the original quality filter and is not a biological-quality assessment.
