question,answer,explanation,evidence_KG,hop,target_protein_id,interaction_count,score,score_reason
"In a fictional protein network, SynProtein-PPI_REASONING-TR-00000-loss_of_function disrupts interaction with SynNode-PPI_REASONING-TR-00000-01. SynNode-PPI_REASONING-TR-00000-01 transmits signal to SynNode-PPI_REASONING-TR-00000-02. SynNode-PPI_REASONING-TR-00000-02 activates SynNode-PPI_REASONING-TR-00000-03. SynNode-PPI_REASONING-TR-00000-03 transmits signal to SynNode-PPI_REASONING-TR-00000-04. SynNode-PPI_REASONING-TR-00000-04 activates SynNode-PPI_REASONING-TR-00000-05. SynNode-PPI_REASONING-TR-00000-05 activates SynNode-PPI_REASONING-TR-00000-06. SynNode-PPI_REASONING-TR-00000-06 stabilizes SynNode-PPI_REASONING-TR-00000-07. SynNode-PPI_REASONING-TR-00000-07 stabilizes SynNode-PPI_REASONING-TR-00000-08. SynNode-PPI_REASONING-TR-00000-08 enables SynNode-PPI_REASONING-TR-00000-09. SynNode-PPI_REASONING-TR-00000-09 enables SynNode-PPI_REASONING-TR-00000-10. SynNode-PPI_REASONING-TR-00000-10 stabilizes SynNode-PPI_REASONING-TR-00000-11. SynNode-PPI_REASONING-TR-00000-11 releases SynNode-PPI_REASONING-TR-00000-12. SynNode-PPI_REASONING-TR-00000-12 stabilizes SynNode-PPI_REASONING-TR-00000-13. SynNode-PPI_REASONING-TR-00000-13 stabilizes SynSignalState-PPI_REASONING-TR-00000. What is the predicted downstream synthetic signal state?",SynSignalState-PPI_REASONING-TR-00000,"1. The synthetic graph states (SynProtein-PPI_REASONING-TR-00000-loss_of_function, disrupts_interaction_with, SynNode-PPI_REASONING-TR-00000-01). 2. The synthetic graph states (SynNode-PPI_REASONING-TR-00000-01, transmits_signal_to, SynNode-PPI_REASONING-TR-00000-02). 3. The synthetic graph states (SynNode-PPI_REASONING-TR-00000-02, activates, SynNode-PPI_REASONING-TR-00000-03). 4. The synthetic graph states (SynNode-PPI_REASONING-TR-00000-03, transmits_signal_to, SynNode-PPI_REASONING-TR-00000-04). 5. The synthetic graph states (SynNode-PPI_REASONING-TR-00000-04, activates, SynNode-PPI_REASONING-TR-00000-05). 6. The synthetic graph states (SynNode-PPI_REASONING-TR-00000-05, activates, SynNode-PPI_REASONING-TR-00000-06). 7. The synthetic graph states (SynNode-PPI_REASONING-TR-00000-06, stabilizes, SynNode-PPI_REASONING-TR-00000-07). 8. The synthetic graph states (SynNode-PPI_REASONING-TR-00000-07, stabilizes, SynNode-PPI_REASONING-TR-00000-08). 9. The synthetic graph states (SynNode-PPI_REASONING-TR-00000-08, enables, SynNode-PPI_REASONING-TR-00000-09). 10. The synthetic graph states (SynNode-PPI_REASONING-TR-00000-09, enables, SynNode-PPI_REASONING-TR-00000-10). 11. The synthetic graph states (SynNode-PPI_REASONING-TR-00000-10, stabilizes, SynNode-PPI_REASONING-TR-00000-11). 12. The synthetic graph states (SynNode-PPI_REASONING-TR-00000-11, releases, SynNode-PPI_REASONING-TR-00000-12). 13. The synthetic graph states (SynNode-PPI_REASONING-TR-00000-12, stabilizes, SynNode-PPI_REASONING-TR-00000-13). 14. The synthetic graph states (SynNode-PPI_REASONING-TR-00000-13, stabilizes, SynSignalState-PPI_REASONING-TR-00000). Therefore, within this fictional graph, the answer is SynSignalState-PPI_REASONING-TR-00000.","[""(SynProtein-PPI_REASONING-TR-00000-loss_of_function, disrupts_interaction_with, SynNode-PPI_REASONING-TR-00000-01)"", ""(SynNode-PPI_REASONING-TR-00000-01, transmits_signal_to, SynNode-PPI_REASONING-TR-00000-02)"", ""(SynNode-PPI_REASONING-TR-00000-02, activates, SynNode-PPI_REASONING-TR-00000-03)"", ""(SynNode-PPI_REASONING-TR-00000-03, transmits_signal_to, SynNode-PPI_REASONING-TR-00000-04)"", ""(SynNode-PPI_REASONING-TR-00000-04, activates, SynNode-PPI_REASONING-TR-00000-05)"", ""(SynNode-PPI_REASONING-TR-00000-05, activates, SynNode-PPI_REASONING-TR-00000-06)"", ""(SynNode-PPI_REASONING-TR-00000-06, stabilizes, SynNode-PPI_REASONING-TR-00000-07)"", ""(SynNode-PPI_REASONING-TR-00000-07, stabilizes, SynNode-PPI_REASONING-TR-00000-08)"", ""(SynNode-PPI_REASONING-TR-00000-08, enables, SynNode-PPI_REASONING-TR-00000-09)"", ""(SynNode-PPI_REASONING-TR-00000-09, enables, SynNode-PPI_REASONING-TR-00000-10)"", ""(SynNode-PPI_REASONING-TR-00000-10, stabilizes, SynNode-PPI_REASONING-TR-00000-11)"", ""(SynNode-PPI_REASONING-TR-00000-11, releases, SynNode-PPI_REASONING-TR-00000-12)"", ""(SynNode-PPI_REASONING-TR-00000-12, stabilizes, SynNode-PPI_REASONING-TR-00000-13)"", ""(SynNode-PPI_REASONING-TR-00000-13, stabilizes, SynSignalState-PPI_REASONING-TR-00000)""]",14,synthetic:12000000,16,8,Synthetic schema fixture. The score preserves compatibility with the original quality filter and is not a biological-quality assessment.
"In a fictional protein network, SynProtein-PPI_REASONING-TR-00001-loss_of_function disrupts interaction with SynNode-PPI_REASONING-TR-00001-01. SynNode-PPI_REASONING-TR-00001-01 activates SynSignalState-PPI_REASONING-TR-00001. What is the predicted downstream synthetic signal state?",SynSignalState-PPI_REASONING-TR-00001,"1. The synthetic graph states (SynProtein-PPI_REASONING-TR-00001-loss_of_function, disrupts_interaction_with, SynNode-PPI_REASONING-TR-00001-01). 2. The synthetic graph states (SynNode-PPI_REASONING-TR-00001-01, activates, SynSignalState-PPI_REASONING-TR-00001). Therefore, within this fictional graph, the answer is SynSignalState-PPI_REASONING-TR-00001.","[""(SynProtein-PPI_REASONING-TR-00001-loss_of_function, disrupts_interaction_with, SynNode-PPI_REASONING-TR-00001-01)"", ""(SynNode-PPI_REASONING-TR-00001-01, activates, SynSignalState-PPI_REASONING-TR-00001)""]",2,synthetic:12000002,4,8,Synthetic schema fixture. The score preserves compatibility with the original quality filter and is not a biological-quality assessment.
"In a fictional protein network, SynProtein-PPI_REASONING-TR-00002-loss_of_function disrupts interaction with SynNode-PPI_REASONING-TR-00002-01. SynNode-PPI_REASONING-TR-00002-01 increases SynNode-PPI_REASONING-TR-00002-02. SynNode-PPI_REASONING-TR-00002-02 enables SynNode-PPI_REASONING-TR-00002-03. SynNode-PPI_REASONING-TR-00002-03 enables SynNode-PPI_REASONING-TR-00002-04. SynNode-PPI_REASONING-TR-00002-04 increases SynNode-PPI_REASONING-TR-00002-05. SynNode-PPI_REASONING-TR-00002-05 stabilizes SynNode-PPI_REASONING-TR-00002-06. SynNode-PPI_REASONING-TR-00002-06 enables SynNode-PPI_REASONING-TR-00002-07. SynNode-PPI_REASONING-TR-00002-07 increases SynNode-PPI_REASONING-TR-00002-08. SynNode-PPI_REASONING-TR-00002-08 increases SynNode-PPI_REASONING-TR-00002-09. SynNode-PPI_REASONING-TR-00002-09 activates SynNode-PPI_REASONING-TR-00002-10. SynNode-PPI_REASONING-TR-00002-10 releases SynNode-PPI_REASONING-TR-00002-11. SynNode-PPI_REASONING-TR-00002-11 enables SynSignalState-PPI_REASONING-TR-00002. What is the predicted downstream synthetic signal state?",SynSignalState-PPI_REASONING-TR-00002,"1. The synthetic graph states (SynProtein-PPI_REASONING-TR-00002-loss_of_function, disrupts_interaction_with, SynNode-PPI_REASONING-TR-00002-01). 2. The synthetic graph states (SynNode-PPI_REASONING-TR-00002-01, increases, SynNode-PPI_REASONING-TR-00002-02). 3. The synthetic graph states (SynNode-PPI_REASONING-TR-00002-02, enables, SynNode-PPI_REASONING-TR-00002-03). 4. The synthetic graph states (SynNode-PPI_REASONING-TR-00002-03, enables, SynNode-PPI_REASONING-TR-00002-04). 5. The synthetic graph states (SynNode-PPI_REASONING-TR-00002-04, increases, SynNode-PPI_REASONING-TR-00002-05). 6. The synthetic graph states (SynNode-PPI_REASONING-TR-00002-05, stabilizes, SynNode-PPI_REASONING-TR-00002-06). 7. The synthetic graph states (SynNode-PPI_REASONING-TR-00002-06, enables, SynNode-PPI_REASONING-TR-00002-07). 8. The synthetic graph states (SynNode-PPI_REASONING-TR-00002-07, increases, SynNode-PPI_REASONING-TR-00002-08). 9. The synthetic graph states (SynNode-PPI_REASONING-TR-00002-08, increases, SynNode-PPI_REASONING-TR-00002-09). 10. The synthetic graph states (SynNode-PPI_REASONING-TR-00002-09, activates, SynNode-PPI_REASONING-TR-00002-10). 11. The synthetic graph states (SynNode-PPI_REASONING-TR-00002-10, releases, SynNode-PPI_REASONING-TR-00002-11). 12. The synthetic graph states (SynNode-PPI_REASONING-TR-00002-11, enables, SynSignalState-PPI_REASONING-TR-00002). Therefore, within this fictional graph, the answer is SynSignalState-PPI_REASONING-TR-00002.","[""(SynProtein-PPI_REASONING-TR-00002-loss_of_function, disrupts_interaction_with, SynNode-PPI_REASONING-TR-00002-01)"", ""(SynNode-PPI_REASONING-TR-00002-01, increases, SynNode-PPI_REASONING-TR-00002-02)"", ""(SynNode-PPI_REASONING-TR-00002-02, enables, SynNode-PPI_REASONING-TR-00002-03)"", ""(SynNode-PPI_REASONING-TR-00002-03, enables, SynNode-PPI_REASONING-TR-00002-04)"", ""(SynNode-PPI_REASONING-TR-00002-04, increases, SynNode-PPI_REASONING-TR-00002-05)"", ""(SynNode-PPI_REASONING-TR-00002-05, stabilizes, SynNode-PPI_REASONING-TR-00002-06)"", ""(SynNode-PPI_REASONING-TR-00002-06, enables, SynNode-PPI_REASONING-TR-00002-07)"", ""(SynNode-PPI_REASONING-TR-00002-07, increases, SynNode-PPI_REASONING-TR-00002-08)"", ""(SynNode-PPI_REASONING-TR-00002-08, increases, SynNode-PPI_REASONING-TR-00002-09)"", ""(SynNode-PPI_REASONING-TR-00002-09, activates, SynNode-PPI_REASONING-TR-00002-10)"", ""(SynNode-PPI_REASONING-TR-00002-10, releases, SynNode-PPI_REASONING-TR-00002-11)"", ""(SynNode-PPI_REASONING-TR-00002-11, enables, SynSignalState-PPI_REASONING-TR-00002)""]",12,synthetic:12000004,14,8,Synthetic schema fixture. The score preserves compatibility with the original quality filter and is not a biological-quality assessment.
"In a fictional protein network, SynProtein-PPI_REASONING-TR-00003-loss_of_function disrupts interaction with SynNode-PPI_REASONING-TR-00003-01. SynNode-PPI_REASONING-TR-00003-01 increases SynNode-PPI_REASONING-TR-00003-02. SynNode-PPI_REASONING-TR-00003-02 activates SynNode-PPI_REASONING-TR-00003-03. SynNode-PPI_REASONING-TR-00003-03 releases SynNode-PPI_REASONING-TR-00003-04. SynNode-PPI_REASONING-TR-00003-04 activates SynNode-PPI_REASONING-TR-00003-05. SynNode-PPI_REASONING-TR-00003-05 enables SynSignalState-PPI_REASONING-TR-00003. What is the predicted downstream synthetic signal state?",SynSignalState-PPI_REASONING-TR-00003,"1. The synthetic graph states (SynProtein-PPI_REASONING-TR-00003-loss_of_function, disrupts_interaction_with, SynNode-PPI_REASONING-TR-00003-01). 2. The synthetic graph states (SynNode-PPI_REASONING-TR-00003-01, increases, SynNode-PPI_REASONING-TR-00003-02). 3. The synthetic graph states (SynNode-PPI_REASONING-TR-00003-02, activates, SynNode-PPI_REASONING-TR-00003-03). 4. The synthetic graph states (SynNode-PPI_REASONING-TR-00003-03, releases, SynNode-PPI_REASONING-TR-00003-04). 5. The synthetic graph states (SynNode-PPI_REASONING-TR-00003-04, activates, SynNode-PPI_REASONING-TR-00003-05). 6. The synthetic graph states (SynNode-PPI_REASONING-TR-00003-05, enables, SynSignalState-PPI_REASONING-TR-00003). Therefore, within this fictional graph, the answer is SynSignalState-PPI_REASONING-TR-00003.","[""(SynProtein-PPI_REASONING-TR-00003-loss_of_function, disrupts_interaction_with, SynNode-PPI_REASONING-TR-00003-01)"", ""(SynNode-PPI_REASONING-TR-00003-01, increases, SynNode-PPI_REASONING-TR-00003-02)"", ""(SynNode-PPI_REASONING-TR-00003-02, activates, SynNode-PPI_REASONING-TR-00003-03)"", ""(SynNode-PPI_REASONING-TR-00003-03, releases, SynNode-PPI_REASONING-TR-00003-04)"", ""(SynNode-PPI_REASONING-TR-00003-04, activates, SynNode-PPI_REASONING-TR-00003-05)"", ""(SynNode-PPI_REASONING-TR-00003-05, enables, SynSignalState-PPI_REASONING-TR-00003)""]",6,synthetic:12000006,8,8,Synthetic schema fixture. The score preserves compatibility with the original quality filter and is not a biological-quality assessment.
"In a fictional protein network, SynProtein-PPI_REASONING-TR-00004-loss_of_function disrupts interaction with SynNode-PPI_REASONING-TR-00004-01. SynNode-PPI_REASONING-TR-00004-01 transmits signal to SynNode-PPI_REASONING-TR-00004-02. SynNode-PPI_REASONING-TR-00004-02 enables SynNode-PPI_REASONING-TR-00004-03. SynNode-PPI_REASONING-TR-00004-03 transmits signal to SynNode-PPI_REASONING-TR-00004-04. SynNode-PPI_REASONING-TR-00004-04 transmits signal to SynNode-PPI_REASONING-TR-00004-05. SynNode-PPI_REASONING-TR-00004-05 transmits signal to SynNode-PPI_REASONING-TR-00004-06. SynNode-PPI_REASONING-TR-00004-06 transmits signal to SynNode-PPI_REASONING-TR-00004-07. SynNode-PPI_REASONING-TR-00004-07 activates SynNode-PPI_REASONING-TR-00004-08. SynNode-PPI_REASONING-TR-00004-08 activates SynNode-PPI_REASONING-TR-00004-09. SynNode-PPI_REASONING-TR-00004-09 increases SynNode-PPI_REASONING-TR-00004-10. SynNode-PPI_REASONING-TR-00004-10 transmits signal to SynNode-PPI_REASONING-TR-00004-11. SynNode-PPI_REASONING-TR-00004-11 activates SynSignalState-PPI_REASONING-TR-00004. What is the predicted downstream synthetic signal state?",SynSignalState-PPI_REASONING-TR-00004,"1. The synthetic graph states (SynProtein-PPI_REASONING-TR-00004-loss_of_function, disrupts_interaction_with, SynNode-PPI_REASONING-TR-00004-01). 2. The synthetic graph states (SynNode-PPI_REASONING-TR-00004-01, transmits_signal_to, SynNode-PPI_REASONING-TR-00004-02). 3. The synthetic graph states (SynNode-PPI_REASONING-TR-00004-02, enables, SynNode-PPI_REASONING-TR-00004-03). 4. The synthetic graph states (SynNode-PPI_REASONING-TR-00004-03, transmits_signal_to, SynNode-PPI_REASONING-TR-00004-04). 5. The synthetic graph states (SynNode-PPI_REASONING-TR-00004-04, transmits_signal_to, SynNode-PPI_REASONING-TR-00004-05). 6. The synthetic graph states (SynNode-PPI_REASONING-TR-00004-05, transmits_signal_to, SynNode-PPI_REASONING-TR-00004-06). 7. The synthetic graph states (SynNode-PPI_REASONING-TR-00004-06, transmits_signal_to, SynNode-PPI_REASONING-TR-00004-07). 8. The synthetic graph states (SynNode-PPI_REASONING-TR-00004-07, activates, SynNode-PPI_REASONING-TR-00004-08). 9. The synthetic graph states (SynNode-PPI_REASONING-TR-00004-08, activates, SynNode-PPI_REASONING-TR-00004-09). 10. The synthetic graph states (SynNode-PPI_REASONING-TR-00004-09, increases, SynNode-PPI_REASONING-TR-00004-10). 11. The synthetic graph states (SynNode-PPI_REASONING-TR-00004-10, transmits_signal_to, SynNode-PPI_REASONING-TR-00004-11). 12. The synthetic graph states (SynNode-PPI_REASONING-TR-00004-11, activates, SynSignalState-PPI_REASONING-TR-00004). Therefore, within this fictional graph, the answer is SynSignalState-PPI_REASONING-TR-00004.","[""(SynProtein-PPI_REASONING-TR-00004-loss_of_function, disrupts_interaction_with, SynNode-PPI_REASONING-TR-00004-01)"", ""(SynNode-PPI_REASONING-TR-00004-01, transmits_signal_to, SynNode-PPI_REASONING-TR-00004-02)"", ""(SynNode-PPI_REASONING-TR-00004-02, enables, SynNode-PPI_REASONING-TR-00004-03)"", ""(SynNode-PPI_REASONING-TR-00004-03, transmits_signal_to, SynNode-PPI_REASONING-TR-00004-04)"", ""(SynNode-PPI_REASONING-TR-00004-04, transmits_signal_to, SynNode-PPI_REASONING-TR-00004-05)"", ""(SynNode-PPI_REASONING-TR-00004-05, transmits_signal_to, SynNode-PPI_REASONING-TR-00004-06)"", ""(SynNode-PPI_REASONING-TR-00004-06, transmits_signal_to, SynNode-PPI_REASONING-TR-00004-07)"", ""(SynNode-PPI_REASONING-TR-00004-07, activates, SynNode-PPI_REASONING-TR-00004-08)"", ""(SynNode-PPI_REASONING-TR-00004-08, activates, SynNode-PPI_REASONING-TR-00004-09)"", ""(SynNode-PPI_REASONING-TR-00004-09, increases, SynNode-PPI_REASONING-TR-00004-10)"", ""(SynNode-PPI_REASONING-TR-00004-10, transmits_signal_to, SynNode-PPI_REASONING-TR-00004-11)"", ""(SynNode-PPI_REASONING-TR-00004-11, activates, SynSignalState-PPI_REASONING-TR-00004)""]",12,synthetic:12000008,14,8,Synthetic schema fixture. The score preserves compatibility with the original quality filter and is not a biological-quality assessment.
"In a fictional protein network, SynProtein-PPI_REASONING-TR-00005-loss_of_function disrupts interaction with SynNode-PPI_REASONING-TR-00005-01. SynNode-PPI_REASONING-TR-00005-01 enables SynNode-PPI_REASONING-TR-00005-02. SynNode-PPI_REASONING-TR-00005-02 enables SynNode-PPI_REASONING-TR-00005-03. SynNode-PPI_REASONING-TR-00005-03 activates SynNode-PPI_REASONING-TR-00005-04. SynNode-PPI_REASONING-TR-00005-04 activates SynNode-PPI_REASONING-TR-00005-05. SynNode-PPI_REASONING-TR-00005-05 enables SynSignalState-PPI_REASONING-TR-00005. What is the predicted downstream synthetic signal state?",SynSignalState-PPI_REASONING-TR-00005,"1. The synthetic graph states (SynProtein-PPI_REASONING-TR-00005-loss_of_function, disrupts_interaction_with, SynNode-PPI_REASONING-TR-00005-01). 2. The synthetic graph states (SynNode-PPI_REASONING-TR-00005-01, enables, SynNode-PPI_REASONING-TR-00005-02). 3. The synthetic graph states (SynNode-PPI_REASONING-TR-00005-02, enables, SynNode-PPI_REASONING-TR-00005-03). 4. The synthetic graph states (SynNode-PPI_REASONING-TR-00005-03, activates, SynNode-PPI_REASONING-TR-00005-04). 5. The synthetic graph states (SynNode-PPI_REASONING-TR-00005-04, activates, SynNode-PPI_REASONING-TR-00005-05). 6. The synthetic graph states (SynNode-PPI_REASONING-TR-00005-05, enables, SynSignalState-PPI_REASONING-TR-00005). Therefore, within this fictional graph, the answer is SynSignalState-PPI_REASONING-TR-00005.","[""(SynProtein-PPI_REASONING-TR-00005-loss_of_function, disrupts_interaction_with, SynNode-PPI_REASONING-TR-00005-01)"", ""(SynNode-PPI_REASONING-TR-00005-01, enables, SynNode-PPI_REASONING-TR-00005-02)"", ""(SynNode-PPI_REASONING-TR-00005-02, enables, SynNode-PPI_REASONING-TR-00005-03)"", ""(SynNode-PPI_REASONING-TR-00005-03, activates, SynNode-PPI_REASONING-TR-00005-04)"", ""(SynNode-PPI_REASONING-TR-00005-04, activates, SynNode-PPI_REASONING-TR-00005-05)"", ""(SynNode-PPI_REASONING-TR-00005-05, enables, SynSignalState-PPI_REASONING-TR-00005)""]",6,synthetic:12000010,8,8,Synthetic schema fixture. The score preserves compatibility with the original quality filter and is not a biological-quality assessment.
"In a fictional protein network, SynProtein-PPI_REASONING-TR-00006-loss_of_function disrupts interaction with SynNode-PPI_REASONING-TR-00006-01. SynNode-PPI_REASONING-TR-00006-01 stabilizes SynSignalState-PPI_REASONING-TR-00006. What is the predicted downstream synthetic signal state?",SynSignalState-PPI_REASONING-TR-00006,"1. The synthetic graph states (SynProtein-PPI_REASONING-TR-00006-loss_of_function, disrupts_interaction_with, SynNode-PPI_REASONING-TR-00006-01). 2. The synthetic graph states (SynNode-PPI_REASONING-TR-00006-01, stabilizes, SynSignalState-PPI_REASONING-TR-00006). Therefore, within this fictional graph, the answer is SynSignalState-PPI_REASONING-TR-00006.","[""(SynProtein-PPI_REASONING-TR-00006-loss_of_function, disrupts_interaction_with, SynNode-PPI_REASONING-TR-00006-01)"", ""(SynNode-PPI_REASONING-TR-00006-01, stabilizes, SynSignalState-PPI_REASONING-TR-00006)""]",2,synthetic:12000012,4,8,Synthetic schema fixture. The score preserves compatibility with the original quality filter and is not a biological-quality assessment.
"In a fictional protein network, SynProtein-PPI_REASONING-TR-00007-loss_of_function disrupts interaction with SynNode-PPI_REASONING-TR-00007-01. SynNode-PPI_REASONING-TR-00007-01 stabilizes SynNode-PPI_REASONING-TR-00007-02. SynNode-PPI_REASONING-TR-00007-02 stabilizes SynSignalState-PPI_REASONING-TR-00007. What is the predicted downstream synthetic signal state?",SynSignalState-PPI_REASONING-TR-00007,"1. The synthetic graph states (SynProtein-PPI_REASONING-TR-00007-loss_of_function, disrupts_interaction_with, SynNode-PPI_REASONING-TR-00007-01). 2. The synthetic graph states (SynNode-PPI_REASONING-TR-00007-01, stabilizes, SynNode-PPI_REASONING-TR-00007-02). 3. The synthetic graph states (SynNode-PPI_REASONING-TR-00007-02, stabilizes, SynSignalState-PPI_REASONING-TR-00007). Therefore, within this fictional graph, the answer is SynSignalState-PPI_REASONING-TR-00007.","[""(SynProtein-PPI_REASONING-TR-00007-loss_of_function, disrupts_interaction_with, SynNode-PPI_REASONING-TR-00007-01)"", ""(SynNode-PPI_REASONING-TR-00007-01, stabilizes, SynNode-PPI_REASONING-TR-00007-02)"", ""(SynNode-PPI_REASONING-TR-00007-02, stabilizes, SynSignalState-PPI_REASONING-TR-00007)""]",3,synthetic:12000014,5,8,Synthetic schema fixture. The score preserves compatibility with the original quality filter and is not a biological-quality assessment.
"In a fictional protein network, SynProtein-PPI_REASONING-TR-00008-loss_of_function disrupts interaction with SynNode-PPI_REASONING-TR-00008-01. SynNode-PPI_REASONING-TR-00008-01 releases SynNode-PPI_REASONING-TR-00008-02. SynNode-PPI_REASONING-TR-00008-02 activates SynNode-PPI_REASONING-TR-00008-03. SynNode-PPI_REASONING-TR-00008-03 increases SynNode-PPI_REASONING-TR-00008-04. SynNode-PPI_REASONING-TR-00008-04 enables SynNode-PPI_REASONING-TR-00008-05. SynNode-PPI_REASONING-TR-00008-05 activates SynNode-PPI_REASONING-TR-00008-06. SynNode-PPI_REASONING-TR-00008-06 releases SynNode-PPI_REASONING-TR-00008-07. SynNode-PPI_REASONING-TR-00008-07 stabilizes SynNode-PPI_REASONING-TR-00008-08. SynNode-PPI_REASONING-TR-00008-08 stabilizes SynNode-PPI_REASONING-TR-00008-09. SynNode-PPI_REASONING-TR-00008-09 releases SynNode-PPI_REASONING-TR-00008-10. SynNode-PPI_REASONING-TR-00008-10 stabilizes SynNode-PPI_REASONING-TR-00008-11. SynNode-PPI_REASONING-TR-00008-11 increases SynNode-PPI_REASONING-TR-00008-12. SynNode-PPI_REASONING-TR-00008-12 enables SynSignalState-PPI_REASONING-TR-00008. What is the predicted downstream synthetic signal state?",SynSignalState-PPI_REASONING-TR-00008,"1. The synthetic graph states (SynProtein-PPI_REASONING-TR-00008-loss_of_function, disrupts_interaction_with, SynNode-PPI_REASONING-TR-00008-01). 2. The synthetic graph states (SynNode-PPI_REASONING-TR-00008-01, releases, SynNode-PPI_REASONING-TR-00008-02). 3. The synthetic graph states (SynNode-PPI_REASONING-TR-00008-02, activates, SynNode-PPI_REASONING-TR-00008-03). 4. The synthetic graph states (SynNode-PPI_REASONING-TR-00008-03, increases, SynNode-PPI_REASONING-TR-00008-04). 5. The synthetic graph states (SynNode-PPI_REASONING-TR-00008-04, enables, SynNode-PPI_REASONING-TR-00008-05). 6. The synthetic graph states (SynNode-PPI_REASONING-TR-00008-05, activates, SynNode-PPI_REASONING-TR-00008-06). 7. The synthetic graph states (SynNode-PPI_REASONING-TR-00008-06, releases, SynNode-PPI_REASONING-TR-00008-07). 8. The synthetic graph states (SynNode-PPI_REASONING-TR-00008-07, stabilizes, SynNode-PPI_REASONING-TR-00008-08). 9. The synthetic graph states (SynNode-PPI_REASONING-TR-00008-08, stabilizes, SynNode-PPI_REASONING-TR-00008-09). 10. The synthetic graph states (SynNode-PPI_REASONING-TR-00008-09, releases, SynNode-PPI_REASONING-TR-00008-10). 11. The synthetic graph states (SynNode-PPI_REASONING-TR-00008-10, stabilizes, SynNode-PPI_REASONING-TR-00008-11). 12. The synthetic graph states (SynNode-PPI_REASONING-TR-00008-11, increases, SynNode-PPI_REASONING-TR-00008-12). 13. The synthetic graph states (SynNode-PPI_REASONING-TR-00008-12, enables, SynSignalState-PPI_REASONING-TR-00008). Therefore, within this fictional graph, the answer is SynSignalState-PPI_REASONING-TR-00008.","[""(SynProtein-PPI_REASONING-TR-00008-loss_of_function, disrupts_interaction_with, SynNode-PPI_REASONING-TR-00008-01)"", ""(SynNode-PPI_REASONING-TR-00008-01, releases, SynNode-PPI_REASONING-TR-00008-02)"", ""(SynNode-PPI_REASONING-TR-00008-02, activates, SynNode-PPI_REASONING-TR-00008-03)"", ""(SynNode-PPI_REASONING-TR-00008-03, increases, SynNode-PPI_REASONING-TR-00008-04)"", ""(SynNode-PPI_REASONING-TR-00008-04, enables, SynNode-PPI_REASONING-TR-00008-05)"", ""(SynNode-PPI_REASONING-TR-00008-05, activates, SynNode-PPI_REASONING-TR-00008-06)"", ""(SynNode-PPI_REASONING-TR-00008-06, releases, SynNode-PPI_REASONING-TR-00008-07)"", ""(SynNode-PPI_REASONING-TR-00008-07, stabilizes, SynNode-PPI_REASONING-TR-00008-08)"", ""(SynNode-PPI_REASONING-TR-00008-08, stabilizes, SynNode-PPI_REASONING-TR-00008-09)"", ""(SynNode-PPI_REASONING-TR-00008-09, releases, SynNode-PPI_REASONING-TR-00008-10)"", ""(SynNode-PPI_REASONING-TR-00008-10, stabilizes, SynNode-PPI_REASONING-TR-00008-11)"", ""(SynNode-PPI_REASONING-TR-00008-11, increases, SynNode-PPI_REASONING-TR-00008-12)"", ""(SynNode-PPI_REASONING-TR-00008-12, enables, SynSignalState-PPI_REASONING-TR-00008)""]",13,synthetic:12000016,15,8,Synthetic schema fixture. The score preserves compatibility with the original quality filter and is not a biological-quality assessment.
"In a fictional protein network, SynProtein-PPI_REASONING-TR-00009-loss_of_function disrupts interaction with SynNode-PPI_REASONING-TR-00009-01. SynNode-PPI_REASONING-TR-00009-01 transmits signal to SynNode-PPI_REASONING-TR-00009-02. SynNode-PPI_REASONING-TR-00009-02 transmits signal to SynNode-PPI_REASONING-TR-00009-03. SynNode-PPI_REASONING-TR-00009-03 stabilizes SynNode-PPI_REASONING-TR-00009-04. SynNode-PPI_REASONING-TR-00009-04 enables SynNode-PPI_REASONING-TR-00009-05. SynNode-PPI_REASONING-TR-00009-05 transmits signal to SynNode-PPI_REASONING-TR-00009-06. SynNode-PPI_REASONING-TR-00009-06 activates SynNode-PPI_REASONING-TR-00009-07. SynNode-PPI_REASONING-TR-00009-07 stabilizes SynNode-PPI_REASONING-TR-00009-08. SynNode-PPI_REASONING-TR-00009-08 releases SynNode-PPI_REASONING-TR-00009-09. SynNode-PPI_REASONING-TR-00009-09 activates SynNode-PPI_REASONING-TR-00009-10. SynNode-PPI_REASONING-TR-00009-10 enables SynNode-PPI_REASONING-TR-00009-11. SynNode-PPI_REASONING-TR-00009-11 transmits signal to SynNode-PPI_REASONING-TR-00009-12. SynNode-PPI_REASONING-TR-00009-12 increases SynNode-PPI_REASONING-TR-00009-13. SynNode-PPI_REASONING-TR-00009-13 activates SynSignalState-PPI_REASONING-TR-00009. What is the predicted downstream synthetic signal state?",SynSignalState-PPI_REASONING-TR-00009,"1. The synthetic graph states (SynProtein-PPI_REASONING-TR-00009-loss_of_function, disrupts_interaction_with, SynNode-PPI_REASONING-TR-00009-01). 2. The synthetic graph states (SynNode-PPI_REASONING-TR-00009-01, transmits_signal_to, SynNode-PPI_REASONING-TR-00009-02). 3. The synthetic graph states (SynNode-PPI_REASONING-TR-00009-02, transmits_signal_to, SynNode-PPI_REASONING-TR-00009-03). 4. The synthetic graph states (SynNode-PPI_REASONING-TR-00009-03, stabilizes, SynNode-PPI_REASONING-TR-00009-04). 5. The synthetic graph states (SynNode-PPI_REASONING-TR-00009-04, enables, SynNode-PPI_REASONING-TR-00009-05). 6. The synthetic graph states (SynNode-PPI_REASONING-TR-00009-05, transmits_signal_to, SynNode-PPI_REASONING-TR-00009-06). 7. The synthetic graph states (SynNode-PPI_REASONING-TR-00009-06, activates, SynNode-PPI_REASONING-TR-00009-07). 8. The synthetic graph states (SynNode-PPI_REASONING-TR-00009-07, stabilizes, SynNode-PPI_REASONING-TR-00009-08). 9. The synthetic graph states (SynNode-PPI_REASONING-TR-00009-08, releases, SynNode-PPI_REASONING-TR-00009-09). 10. The synthetic graph states (SynNode-PPI_REASONING-TR-00009-09, activates, SynNode-PPI_REASONING-TR-00009-10). 11. The synthetic graph states (SynNode-PPI_REASONING-TR-00009-10, enables, SynNode-PPI_REASONING-TR-00009-11). 12. The synthetic graph states (SynNode-PPI_REASONING-TR-00009-11, transmits_signal_to, SynNode-PPI_REASONING-TR-00009-12). 13. The synthetic graph states (SynNode-PPI_REASONING-TR-00009-12, increases, SynNode-PPI_REASONING-TR-00009-13). 14. The synthetic graph states (SynNode-PPI_REASONING-TR-00009-13, activates, SynSignalState-PPI_REASONING-TR-00009). Therefore, within this fictional graph, the answer is SynSignalState-PPI_REASONING-TR-00009.","[""(SynProtein-PPI_REASONING-TR-00009-loss_of_function, disrupts_interaction_with, SynNode-PPI_REASONING-TR-00009-01)"", ""(SynNode-PPI_REASONING-TR-00009-01, transmits_signal_to, SynNode-PPI_REASONING-TR-00009-02)"", ""(SynNode-PPI_REASONING-TR-00009-02, transmits_signal_to, SynNode-PPI_REASONING-TR-00009-03)"", ""(SynNode-PPI_REASONING-TR-00009-03, stabilizes, SynNode-PPI_REASONING-TR-00009-04)"", ""(SynNode-PPI_REASONING-TR-00009-04, enables, SynNode-PPI_REASONING-TR-00009-05)"", ""(SynNode-PPI_REASONING-TR-00009-05, transmits_signal_to, SynNode-PPI_REASONING-TR-00009-06)"", ""(SynNode-PPI_REASONING-TR-00009-06, activates, SynNode-PPI_REASONING-TR-00009-07)"", ""(SynNode-PPI_REASONING-TR-00009-07, stabilizes, SynNode-PPI_REASONING-TR-00009-08)"", ""(SynNode-PPI_REASONING-TR-00009-08, releases, SynNode-PPI_REASONING-TR-00009-09)"", ""(SynNode-PPI_REASONING-TR-00009-09, activates, SynNode-PPI_REASONING-TR-00009-10)"", ""(SynNode-PPI_REASONING-TR-00009-10, enables, SynNode-PPI_REASONING-TR-00009-11)"", ""(SynNode-PPI_REASONING-TR-00009-11, transmits_signal_to, SynNode-PPI_REASONING-TR-00009-12)"", ""(SynNode-PPI_REASONING-TR-00009-12, increases, SynNode-PPI_REASONING-TR-00009-13)"", ""(SynNode-PPI_REASONING-TR-00009-13, activates, SynSignalState-PPI_REASONING-TR-00009)""]",14,synthetic:12000018,16,8,Synthetic schema fixture. The score preserves compatibility with the original quality filter and is not a biological-quality assessment.
"In a fictional protein network, SynProtein-PPI_REASONING-TR-00010-loss_of_function disrupts interaction with SynNode-PPI_REASONING-TR-00010-01. SynNode-PPI_REASONING-TR-00010-01 increases SynNode-PPI_REASONING-TR-00010-02. SynNode-PPI_REASONING-TR-00010-02 releases SynNode-PPI_REASONING-TR-00010-03. SynNode-PPI_REASONING-TR-00010-03 activates SynNode-PPI_REASONING-TR-00010-04. SynNode-PPI_REASONING-TR-00010-04 stabilizes SynSignalState-PPI_REASONING-TR-00010. What is the predicted downstream synthetic signal state?",SynSignalState-PPI_REASONING-TR-00010,"1. The synthetic graph states (SynProtein-PPI_REASONING-TR-00010-loss_of_function, disrupts_interaction_with, SynNode-PPI_REASONING-TR-00010-01). 2. The synthetic graph states (SynNode-PPI_REASONING-TR-00010-01, increases, SynNode-PPI_REASONING-TR-00010-02). 3. The synthetic graph states (SynNode-PPI_REASONING-TR-00010-02, releases, SynNode-PPI_REASONING-TR-00010-03). 4. The synthetic graph states (SynNode-PPI_REASONING-TR-00010-03, activates, SynNode-PPI_REASONING-TR-00010-04). 5. The synthetic graph states (SynNode-PPI_REASONING-TR-00010-04, stabilizes, SynSignalState-PPI_REASONING-TR-00010). Therefore, within this fictional graph, the answer is SynSignalState-PPI_REASONING-TR-00010.","[""(SynProtein-PPI_REASONING-TR-00010-loss_of_function, disrupts_interaction_with, SynNode-PPI_REASONING-TR-00010-01)"", ""(SynNode-PPI_REASONING-TR-00010-01, increases, SynNode-PPI_REASONING-TR-00010-02)"", ""(SynNode-PPI_REASONING-TR-00010-02, releases, SynNode-PPI_REASONING-TR-00010-03)"", ""(SynNode-PPI_REASONING-TR-00010-03, activates, SynNode-PPI_REASONING-TR-00010-04)"", ""(SynNode-PPI_REASONING-TR-00010-04, stabilizes, SynSignalState-PPI_REASONING-TR-00010)""]",5,synthetic:12000020,7,8,Synthetic schema fixture. The score preserves compatibility with the original quality filter and is not a biological-quality assessment.
"In a fictional protein network, SynProtein-PPI_REASONING-TR-00011-loss_of_function disrupts interaction with SynNode-PPI_REASONING-TR-00011-01. SynNode-PPI_REASONING-TR-00011-01 transmits signal to SynNode-PPI_REASONING-TR-00011-02. SynNode-PPI_REASONING-TR-00011-02 activates SynNode-PPI_REASONING-TR-00011-03. SynNode-PPI_REASONING-TR-00011-03 enables SynNode-PPI_REASONING-TR-00011-04. SynNode-PPI_REASONING-TR-00011-04 increases SynNode-PPI_REASONING-TR-00011-05. SynNode-PPI_REASONING-TR-00011-05 stabilizes SynNode-PPI_REASONING-TR-00011-06. SynNode-PPI_REASONING-TR-00011-06 activates SynSignalState-PPI_REASONING-TR-00011. What is the predicted downstream synthetic signal state?",SynSignalState-PPI_REASONING-TR-00011,"1. The synthetic graph states (SynProtein-PPI_REASONING-TR-00011-loss_of_function, disrupts_interaction_with, SynNode-PPI_REASONING-TR-00011-01). 2. The synthetic graph states (SynNode-PPI_REASONING-TR-00011-01, transmits_signal_to, SynNode-PPI_REASONING-TR-00011-02). 3. The synthetic graph states (SynNode-PPI_REASONING-TR-00011-02, activates, SynNode-PPI_REASONING-TR-00011-03). 4. The synthetic graph states (SynNode-PPI_REASONING-TR-00011-03, enables, SynNode-PPI_REASONING-TR-00011-04). 5. The synthetic graph states (SynNode-PPI_REASONING-TR-00011-04, increases, SynNode-PPI_REASONING-TR-00011-05). 6. The synthetic graph states (SynNode-PPI_REASONING-TR-00011-05, stabilizes, SynNode-PPI_REASONING-TR-00011-06). 7. The synthetic graph states (SynNode-PPI_REASONING-TR-00011-06, activates, SynSignalState-PPI_REASONING-TR-00011). Therefore, within this fictional graph, the answer is SynSignalState-PPI_REASONING-TR-00011.","[""(SynProtein-PPI_REASONING-TR-00011-loss_of_function, disrupts_interaction_with, SynNode-PPI_REASONING-TR-00011-01)"", ""(SynNode-PPI_REASONING-TR-00011-01, transmits_signal_to, SynNode-PPI_REASONING-TR-00011-02)"", ""(SynNode-PPI_REASONING-TR-00011-02, activates, SynNode-PPI_REASONING-TR-00011-03)"", ""(SynNode-PPI_REASONING-TR-00011-03, enables, SynNode-PPI_REASONING-TR-00011-04)"", ""(SynNode-PPI_REASONING-TR-00011-04, increases, SynNode-PPI_REASONING-TR-00011-05)"", ""(SynNode-PPI_REASONING-TR-00011-05, stabilizes, SynNode-PPI_REASONING-TR-00011-06)"", ""(SynNode-PPI_REASONING-TR-00011-06, activates, SynSignalState-PPI_REASONING-TR-00011)""]",7,synthetic:12000022,9,8,Synthetic schema fixture. The score preserves compatibility with the original quality filter and is not a biological-quality assessment.
